customer_id,first_name,last_name,email,phone,address_line1,address_line2,city,state,postal_code,country,region,signup_date,created_at,updated_at,_ingested_at
1,Patricia,Patel,patricia.patel143@example.com,+15550100000,1924 Test St,,Shelbyville,MA,22280,US,EAST,2023-03-04,2023-03-04T05:50:10,2024-03-18T16:03:58,2024-02-13T23:44:08
2,Patricia,Bailey,patricia.bailey719@example.com,+15550100001,4112 Example Dr,Apt 82,Testville,PA,54597,US,EAST,2022-11-05,2022-11-05T21:12:17,2025-11-22T04:21:02,2025-08-11T10:39:09
3,Susan,Lopez,susan.lopez868@example.com,+15550100002,1779 Scaffold Pl,,Mockport,FL,82357,US,SOUTH,2023-08-14,2023-08-14T04:42:59,2024-01-11T10:33:51,2025-02-21T20:26:15
4,George,Kelly,george.kelly47@example.com,+15550100003,9774 Seed Way,Apt 195,Springfield,MA,93320,US,EAST,2022-10-26,2022-10-26T17:02:17,2025-10-25T05:22:48,2023-02-11T18:14:31
5,Dorothy,Clark,dorothy.clark624@example.com,+15550100004,588 Demo Ave,Suite 376,Fixturia,NY,38785,US,EAST,2024-11-07,2024-11-07T01:56:29,2025-06-02T10:46:07,2025-01-01T12:58:50
6,John,Green,john.green217@example.com,+15550100005,3911 Scaffold Pl,,Examplewood,CA,28301,US,WEST,2023-09-16,2023-09-16T04:30:26,2024-11-05T02:36:38,2023-12-28T00:11:50
7,Kimberly,Myers,kimberly.myers409@example.com,+15550100006,9295 Example Dr,,Sampletown,PA,30033,US,EAST,2024-06-27,2024-06-27T02:56:43,2025-05-25T21:31:50,2025-09-23T08:47:14
8,Scott,Rodriguez,scott.rodriguez542@example.com,+15550100007,3711 Fixture Ct,,Shelbyville,MA,94012,US,EAST,2023-08-21,2023-08-21T17:09:54,2025-04-05T12:57:47,2025-08-17T19:19:46
9,Charles,Collins,charles.collins737@example.com,+15550100008,206 Sample Blvd,Suite 405,Mockhaven,IL,89818,US,CENTRAL,2022-01-06,2022-01-06T00:59:38,2025-01-31T18:32:13,2025-09-27T15:09:29
10,Anna,Jimenez,anna.jimenez614@example.com,+15550100009,5674 Placeholder Ln,,Mockville,WA,84364,US,WEST,2025-12-03,2025-12-03T22:50:06,2025-12-29T16:44:30,2025-12-04T00:10:03
11,David,Ross,david.ross132@example.com,+15550100010,3627 Mock Rd,Suite 316,Scaffoldton,TX,36365,US,SOUTH,2024-04-07,2024-04-07T12:43:31,2025-11-23T08:54:49,2024-07-14T05:04:16
12,Jeffrey,Gutierrez,jeffrey.gutierrez231@example.com,+15550100011,1619 Seed Way,,Demopolis,CO,40007,US,WEST,2023-12-03,2023-12-03T08:37:24,2024-03-06T08:18:18,2024-12-22T11:12:52
13,Elizabeth,Rogers,elizabeth.rogers498@example.com,+15550100012,5981 Mock Rd,,Testfield,CA,22704,US,WEST,2023-01-05,2023-01-05T17:27:21,2024-03-13T07:50:26,2025-11-09T22:45:18
14,Edward,Reyes,edward.reyes670@example.com,+15550100013,811 Fixture Ct,Suite 294,Mockville,WA,68800,US,WEST,2025-09-03,2025-09-03T22:10:05,2025-09-14T10:37:26,2026-01-12T16:16:27
15,Cynthia,Young,cynthia.young828@example.com,+15550100014,6301 Demo Ave,,Demoville,NY,31798,US,EAST,2025-09-20,2025-09-20T11:11:57,2025-10-05T02:31:05,2025-12-15T12:20:17
16,Stephanie,Davis,stephanie.davis400@example.com,+15550100015,6025 Template Cir,,Fixturedale,GA,34890,US,SOUTH,2022-09-13,2022-09-13T18:07:00,2024-04-24T11:15:31,2022-09-17T02:28:29
17,Jack,Cooper,jack.cooper59@example.com,+15550100016,1239 Test St,,Examplewood,CA,34356,US,WEST,2022-04-05,2022-04-05T16:39:46,2025-06-10T15:12:46,2023-08-05T20:41:51
18,Stephanie,Thomas,stephanie.thomas593@example.com,+15550100017,4841 Demo Ave,,Scaffoldton,TX,36772,US,SOUTH,2025-10-15,2025-10-15T00:19:00,2025-12-09T07:45:23,2025-12-01T19:45:48
19,Kimberly,Gomez,kimberly.gomez308@example.com,+15550100018,1754 Seed Way,,Samplefield,WA,19602,US,WEST,2022-07-23,2022-07-23T07:29:45,2025-05-31T17:55:20,2025-04-21T01:30:34
20,Thomas,Hall,thomas.hall379@example.com,+15550100019,7528 Mock Rd,,Testville,PA,97538,US,EAST,2025-09-30,2025-09-30T08:59:48,2025-10-07T01:17:31,2025-11-16T19:26:40
21,Sarah,King,sarah.king567@example.com,+15550100020,6165 Mock Rd,,Sampleburg,IL,76244,US,CENTRAL,2022-06-29,2022-06-29T07:29:33,2022-12-12T14:04:58,2025-08-25T14:47:33
22,Samantha,Diaz,@example.com,+15550100021,4474 Demo Ave,Apt 227,Examplewood,CA,83519,US,WEST,2025-07-12,2025-07-12T08:20:16,2025-09-04T01:45:39,2025-07-29T11:15:22
23,Melissa,Howard,melissa.howard131@example.com,+15550100022,8851 Example Dr,,Testville,PA,56357,US,EAST,2024-05-08,2024-05-08T07:37:43,2024-08-31T08:17:48,2025-04-07T03:26:01
24,Catherine,Martin,catherine.martin820@example.com,+15550100023,7673 Seed Way,,Exampleville,CO,44970,US,WEST,2025-12-09,2025-12-09T02:58:36,2025-12-14T20:53:10,2025-12-24T21:37:59
25,Timothy,Jones,timothy.jones205@example.com,+15550100024,9225 Example Dr,Apt 338,Seedton,AZ,53025,US,WEST,2025-08-26,2025-08-26T18:40:35,2025-11-26T04:15:03,2025-10-08T23:17:33
26,Brian,Chavez,brian.chavez864@example.com,+15550100025,1016 Example Dr,,Scaffoldton,TX,88193,US,SOUTH,2024-03-02,2024-03-02T08:01:12,2025-01-06T18:33:54,2025-08-12T03:09:20
27,Sharon,Cox,sharon.cox922@example.com,+15550100026,5268 Seed Way,,Seedton,AZ,57739,US,WEST,2024-03-05,2024-03-05T11:14:01,2024-06-03T07:01:38,2024-12-29T15:47:48
28,Helen,Green,helen.green520@example.com,+15550100027,1184 Example Dr,,Shelbyville,MA,35144,US,EAST,2024-10-27,2024-10-27T12:52:39,2025-02-01T08:03:42,2025-06-17T19:17:25
29,Brandon,Reed,brandon.reed854@example.com,+15550100028,3583 Fixture Ct,,Exampleville,CO,70946,US,WEST,2023-04-13,2023-04-13T12:13:28,2025-01-03T07:48:14,2025-08-11T16:48:15
30,Angela,Stewart,angela.stewart87@example.com,+15550100029,7617 Sample Blvd,,Shelbyville,MA,39444,US,EAST,2025-05-18,2025-05-18T00:36:01,2025-07-22T22:14:19,2026-01-28T21:32:03
31,Jennifer,Young,jennifer.young787@example.com,+15550100030,2387 Example Dr,,Demoville,NY,95990,US,EAST,2024-01-09,2024-01-09T02:22:00,2025-04-27T21:20:21,2025-10-30T02:37:31
32,Mark,Thompson,mark.thompson52@example.com,+15550100031,9677 Seed Way,Suite 672,Templateville,TX,51588,US,SOUTH,2025-06-03,2025-06-03T03:23:17,2025-12-21T07:06:15,2025-11-30T13:18:24
33,Patrick,Cook,patrick.cook762@example.com,+15550100032,6030 Example Dr,Apt 399,Fixturedale,GA,92149,US,SOUTH,2023-10-25,2023-10-25T22:02:54,2025-09-17T14:54:45,2024-06-29T03:53:06
34,Carolyn,Torres,carolyn.torres328@example.com,+15550100033,8448 Fixture Ct,,Fixturedale,GA,18418,US,SOUTH,2022-12-31,2022-12-31T06:33:15,2024-02-26T08:49:39,2024-06-04T23:51:28
35,Cynthia,Turner,cynthia.turner431@example.com,+15550100034,871 Demo Ave,,Mockville,WA,49139,US,WEST,2022-04-07,2022-04-07T17:26:02,2023-02-23T00:46:43,2025-10-22T13:52:02
36,Catherine,Patel,catherine.patel500@example.com,+15550100035,2721 Seed Way,Apt 173,Demopolis,CO,31632,US,WEST,2024-04-28,2024-04-28T09:17:17,2025-08-09T22:43:52,2024-10-16T16:25:38
37,Jonathan,Brown,jonathan.brown578@example.com,+15550100036,6404 Seed Way,,Demoville,NY,59689,US,EAST,2025-11-09,2025-11-09T20:45:31,2025-12-18T02:53:32,2026-01-06T07:58:07
38,Amanda,Ross,amanda.ross771@example.com,+15550100037,8769 Placeholder Ln,,Fixturedale,GA,55870,US,SOUTH,2025-09-28,2025-09-28T11:21:20,2025-11-04T06:47:01,2025-11-21T12:07:31
39,Dennis,Brown,dennis.brown637@example.com,+15550100038,1976 Scaffold Pl,,Templateville,TX,58351,US,SOUTH,2023-01-20,2023-01-20T03:23:23,2023-11-25T20:05:40,2023-02-20T19:12:42
40,Heather,Lee,heather.lee27@example.com,+15550100039,5673 Demo Ave,Suite 177,Placeholder,OH,92213,US,CENTRAL,2023-04-29,2023-04-29T04:22:17,2023-10-14T02:35:05,2025-10-14T03:18:07
41,Debra,Kim,debra.kim802@example.com,+15550100040,7223 Sample Blvd,,Seedton,AZ,11658,US,WEST,2025-06-05,2025-06-05T08:15:33,2025-07-22T08:34:26,2026-01-11T03:07:58
42,Sharon,Campbell,sharon.campbell446@example.com,+15550100041,153 Placeholder Ln,Apt 248,Fixturedale,GA,87656,US,SOUTH,2024-09-14,2024-09-14T08:19:48,2025-09-06T10:29:33,2025-01-11T04:17:30
43,Emily,Edwards,emily.edwards625@example.com,+15550100042,8417 Demo Ave,,Seedburg,FL,43862,US,SOUTH,2023-01-14,2023-01-14T19:53:16,2025-01-05T17:28:30,2025-06-18T01:25:20
44,Brenda,Johnson,brenda.johnson248@example.com,+15550100043,8417 Template Cir,Apt 365,Seedville,OH,12260,US,CENTRAL,2024-03-13,2024-03-13T13:15:35,2024-08-08T22:48:34,2024-05-19T01:12:03
45,Frank,Young,frank.young485@example.com,+15550100044,2604 Mock Rd,,Mockport,FL,42951,US,SOUTH,2023-04-21,2023-04-21T16:11:17,2025-10-11T02:09:06,2024-11-14T22:16:03
46,Kenneth,Thomas,kenneth.thomas707@example.com,+15550100045,8937 Scaffold Pl,Suite 878,Scaffoldia,AZ,88222,US,WEST,2025-02-28,2025-02-28T00:36:48,2025-09-24T03:13:38,2025-12-21T00:44:07
47,Donna,Robinson,donna.robinson15@example.com,+15550100046,9913 Mock Rd,Apt 358,Templateville,TX,23446,US,SOUTH,2023-07-15,2023-07-15T14:37:17,2024-04-19T08:41:13,2024-10-27T03:58:26
48,Jacob,Morris,jacob.morris989@example.com,+15550100047,419 Demo Ave,,Placeholder,OH,85631,US,CENTRAL,2023-11-16,2023-11-16T05:52:01,2024-08-06T21:05:09,2024-08-28T15:26:33
49,Karen,Reed,karen.reed122@example.com,+15550100048,5138 Example Dr,,Examplewood,CA,87139,US,WEST,2023-04-17,2023-04-17T23:48:32,2023-08-28T07:34:59,2024-05-07T13:02:18
50,,,helen.davis641@example.com,+15550100049,4046 Template Cir,,Sampleburg,IL,30517,US,CENTRAL,2024-08-05,2024-08-05T00:41:15,2024-10-21T02:32:07,2025-01-13T10:08:05
51,Jacob,Nguyen,jacob.nguyen724@example.com,+15550100050,1503 Fixture Ct,Suite 370,Scaffoldia,AZ,96662,US,WEST,2022-02-20,2022-02-20T16:54:07,2023-02-15T06:57:41,2023-05-14T06:13:50
52,Joseph,Cooper,joseph.cooper931@example.com,+15550100051,8827 Sample Blvd,Suite 866,Mockport,FL,47828,US,SOUTH,2022-12-16,2022-12-16T05:30:13,2025-09-17T07:04:34,2023-08-04T16:13:51
53,Rachel,Phillips,rachel.phillips506@example.com,+15550100052,7887 Scaffold Pl,,Fixturedale,GA,13390,US,SOUTH,2023-02-27,2023-02-27T22:04:25,2025-04-15T09:01:43,2025-06-15T18:02:43
54,Emma,Williams,emma.williams591@example.com,+15550100053,4442 Scaffold Pl,,Shelbyville,MA,33788,US,EAST,2025-04-03,2025-04-03T00:20:00,2025-12-20T02:27:06,2025-07-16T16:21:29
55,Barbara,Stewart,barbara.stewart329@example.com,+15550100054,3570 Scaffold Pl,Suite 510,Demopolis,CO,14809,US,WEST,2023-06-25,2023-06-25T12:55:42,2025-03-20T21:14:55,2024-11-24T07:33:57
56,Carol,Anderson,carol.anderson845@example.com,+15550100055,5207 Seed Way,Suite 292,Samplefield,WA,57419,US,WEST,2025-04-15,2025-04-15T02:40:27,2025-09-19T01:51:31,2025-10-31T23:03:31
57,Maria,Miller,maria.miller135@example.com,+15550100056,7277 Scaffold Pl,,Demoburg,GA,30758,US,SOUTH,2022-11-13,2022-11-13T05:12:04,2024-01-02T01:46:45,2025-03-15T09:35:36
58,Edward,Lopez,edward.lopez970@example.com,+15550100057,2082 Example Dr,,Examplewood,CA,64459,US,WEST,2022-12-16,2022-12-16T01:26:51,2023-06-10T07:35:04,2024-12-01T21:28:18
59,Ryan,Peterson,ryan.peterson944@example.com,+15550100058,1149 Mock Rd,,Fixturedale,GA,47072,US,SOUTH,2022-08-13,2022-08-13T16:38:36,2024-03-31T13:45:59,2023-06-05T19:06:46
60,Raymond,Morales,raymond.morales552@example.com,+15550100059,9738 Scaffold Pl,,Seedville,OH,41300,US,CENTRAL,2025-09-06,2025-09-06T03:15:11,2025-10-04T23:45:28,2025-12-01T20:18:53
61,Jennifer,Green,jennifer.green936@example.com,+15550100060,9741 Example Dr,Suite 614,Mockport,FL,53515,US,SOUTH,2025-03-02,2025-03-02T20:37:13,2025-09-02T13:04:42,2025-12-01T17:49:13
62,Shirley,Collins,shirley.collins420@example.com,+15550100061,1263 Test St,,Fixturedale,GA,53065,US,SOUTH,2022-01-24,2022-01-24T20:11:59,2025-02-20T02:51:28,2022-09-05T18:42:11
63,Kenneth,Watson,kenneth.watson894@example.com,+15550100062,1204 Test St,Apt 383,Sampletown,PA,22903,US,EAST,2025-01-21,2025-01-21T11:43:39,2025-11-12T09:51:55,2025-07-29T23:43:39
64,Jeffrey,Perez,jeffrey.perez48@example.com,+15550100063,1260 Scaffold Pl,Suite 350,Scaffoldia,AZ,64008,US,WEST,2024-12-14,2024-12-14T02:14:19,2025-04-09T09:27:53,2025-01-05T13:51:16
65,Daniel,Hernandez,daniel.hernandez700@example.com,+15550100064,4662 Fixture Ct,Apt 327,Fixturia,NY,43466,US,EAST,2024-08-04,2024-08-04T19:30:02,2025-05-28T22:38:35,2025-11-29T03:44:20
66,Gregory,Cooper,gregory.cooper968@example.com,+15550100065,8934 Sample Blvd,Apt 155,Demoburg,GA,73335,US,SOUTH,2022-09-03,2022-09-03T09:45:29,2022-12-27T03:31:45,2024-07-20T14:38:16
67,Dorothy,Kelly,dorothy.kelly850@example.com,+15550100066,4081 Fixture Ct,,Exampleville,CO,40162,US,WEST,2023-04-05,2023-04-05T14:55:19,2024-07-07T05:55:20,2023-05-09T16:53:21
68,Samantha,Harris,samantha.harris698@example.com,+15550100067,3219 Demo Ave,,Mockville,WA,27224,US,WEST,2024-08-22,2024-08-22T12:30:01,2025-03-05T04:31:20,2026-01-16T12:32:05
69,Catherine,Turner,catherine.turner806@example.com,+15550100068,7162 Mock Rd,,Mockhaven,IL,54396,US,CENTRAL,2022-09-30,2022-09-30T20:20:11,2023-08-08T18:30:32,2023-04-24T03:36:38
70,Christopher,Long,christopher.long691@example.com,+15550100069,6835 Fixture Ct,,Fixturedale,GA,69609,US,SOUTH,2022-12-17,2022-12-17T11:31:31,2025-11-02T02:42:04,2026-01-15T12:16:52
71,Justin,Carter,justin.carter111@example.com,+15550100070,1712 Test St,Apt 332,Seedton,AZ,49608,US,WEST,2025-07-01,2025-07-01T13:56:21,2025-11-02T13:47:39,2025-11-22T20:19:28
72,Jennifer,Jones,jennifer.jones100@example.com,+15550100071,5659 Demo Ave,Suite 860,Scaffoldton,TX,64935,US,SOUTH,2023-04-18,2023-04-18T19:32:02,2025-05-23T01:54:39,2023-10-16T04:49:09
73,Rebecca,Wood,rebecca.wood631@example.com,+15550100072,3239 Example Dr,,Seedton,AZ,23022,US,WEST,2022-06-03,2022-06-03T19:47:38,2025-12-19T22:07:29,2024-07-02T23:58:25
74,Samuel,Rivera,samuel.rivera195@example.com,+15550100073,2396 Seed Way,,Mockville,WA,41925,US,WEST,2022-04-05,2022-04-05T01:28:15,2023-12-14T13:11:33,2023-06-07T15:04:35
75,David,Ross,david.ross222@example.com,+15550100074,4663 Fixture Ct,,Seedville,OH,27038,US,CENTRAL,2024-05-10,2024-05-10T22:21:50,2024-10-18T20:03:25,2025-08-09T09:20:12
76,Raymond,Brown,raymond.brown809@example.com,+15550100075,1335 Fixture Ct,Apt 27,Fixturia,NY,78955,US,EAST,2022-07-24,2022-07-24T17:58:50,2022-08-16T20:00:49,2024-02-01T06:13:14
77,Laura,Jimenez,laura.jimenez112@example.com,+15550100076,928 Scaffold Pl,,Scaffoldton,TX,17972,US,SOUTH,2023-07-17,2023-07-17T09:47:28,2025-09-21T16:41:20,2026-01-24T15:15:52
78,Debra,Wilson,debra.wilson455@example.com,+15550100077,1628 Example Dr,Suite 739,Demopolis,CO,81874,US,WEST,2024-02-01,2024-02-01T14:32:51,2025-08-07T22:40:13,2026-01-08T04:36:00
79,Shirley,Nguyen,shirley.nguyen102@example.com,+15550100078,6758 Fixture Ct,,Exampleville,CO,69441,US,WEST,2023-12-06,2023-12-06T19:44:12,2025-01-02T11:53:30,2025-10-05T02:43:48
80,Kenneth,Diaz,kenneth.diaz977@example.com,+15550100079,3602 Seed Way,,Scaffoldia,AZ,58843,US,WEST,2023-05-01,2023-05-01T11:43:23,2024-05-31T10:42:12,2024-12-02T22:40:35
81,Emma,Bailey,emma.bailey126@example.com,+15550100080,2797 Seed Way,,Testville,PA,23579,US,EAST,2024-05-22,2024-05-22T13:04:27,2025-02-02T14:07:14,2025-10-24T23:01:36
82,Raymond,Morris,raymond.morris866@example.com,+15550100081,6496 Placeholder Ln,Suite 965,Seedburg,FL,91490,US,SOUTH,2022-12-15,2022-12-15T08:27:16,2023-06-01T11:07:41,2024-06-11T05:39:00
83,Patricia,Cox,patricia.cox711@example.com,+15550100082,4773 Seed Way,,Shelbyville,MA,28776,US,EAST,2025-12-14,2025-12-14T06:46:22,2025-12-30T05:59:14,2026-01-23T13:09:52
84,Christopher,Patel,christopher.patel765@example.com,+15550100083,2636 Example Dr,,Exampleville,CO,84395,US,WEST,2024-09-10,2024-09-10T14:21:48,2024-10-04T09:51:11,2024-11-20T20:51:01
85,Charles,Long,charles.long84@example.com,+15550100084,3666 Test St,,Examplewood,CA,38255,US,WEST,2024-08-17,2024-08-17T18:40:37,2024-09-25T10:19:01,2026-01-23T06:21:51
86,Sharon,Anderson,sharon.anderson540@example.com,+15550100085,5238 Test St,,Scaffoldton,TX,37686,US,SOUTH,2023-03-17,2023-03-17T00:11:37,2025-09-23T09:50:28,2025-04-10T23:10:39
87,Carol,Thomas,carol.thomas441@example.com,+15550100086,9671 Fixture Ct,,Sampleburg,IL,19447,US,CENTRAL,2022-01-13,2022-01-13T00:11:30,2024-02-24T16:03:38,2025-03-18T10:53:48
88,Sharon,Williams,sharon.williams883@example.com,+15550100087,1031 Scaffold Pl,,Scaffoldia,AZ,52568,US,WEST,2023-12-16,2023-12-16T04:52:50,2025-11-30T16:35:34,2024-02-14T16:20:41
89,Frank,Campbell,frank.campbell109@example.com,+15550100088,3144 Demo Ave,,Seedville,OH,54500,US,CENTRAL,2022-05-17,2022-05-17T21:43:12,2024-03-26T07:30:54,2025-12-19T18:22:44
90,Angela,Brooks,angela.brooks199@example.com,+15550100089,3953 Seed Way,,Fixturia,NY,32740,US,EAST,2022-06-27,2022-06-27T03:13:16,2024-09-28T09:36:09,2024-08-27T07:36:43
91,Daniel,Foster,daniel.foster773@example.com,+15550100090,9433 Example Dr,Apt 226,Springfield,MA,67961,US,EAST,2024-09-02,2024-09-02T11:37:37,2025-09-21T06:38:09,2025-08-28T20:20:20
92,Linda,Rivera,linda.rivera473@example.com,+15550100091,1443 Seed Way,,Mockhaven,IL,90610,US,CENTRAL,2024-02-28,2024-02-28T02:53:24,2024-04-25T17:54:14,2024-10-26T05:18:42
93,Justin,Peterson,justin.peterson931@example.com,+15550100092,4372 Example Dr,,Exampleville,CO,55015,US,WEST,2025-05-15,2025-05-15T01:06:25,2025-05-30T23:27:58,2025-11-05T16:55:43
94,Samuel,Thompson,samuel.thompson449@example.com,+15550100093,4010 Placeholder Ln,Apt 145,Templateville,TX,54350,US,SOUTH,2022-03-02,2022-03-02T19:19:27,2023-03-22T15:52:46,2025-03-06T01:22:24
95,David,Nelson,david.nelson396@example.com,+15550100094,2244 Placeholder Ln,,Testfield,CA,55851,US,WEST,2022-05-27,2022-05-27T19:26:13,2024-10-10T13:48:47,2025-04-15T15:15:07
96,Thomas,Kim,thomas.kim573@example.com,+15550100095,5280 Demo Ave,Suite 948,Springfield,MA,22249,US,EAST,2025-01-06,2025-01-06T03:14:50,2025-02-08T00:53:08,2025-09-03T14:16:18
97,George,Williams,george.williams974@example.com,+15550100096,7608 Template Cir,,Demopolis,CO,48770,US,WEST,2023-07-18,2023-07-18T06:37:15,2024-11-09T01:58:57,2024-04-23T07:18:34
98,Jerry,Cooper,jerry.cooper540@example.com,+15550100097,1300 Scaffold Pl,,Scaffoldton,TX,91885,US,SOUTH,2025-07-21,2025-07-21T07:31:25,2025-12-11T17:51:14,2026-01-08T21:46:51
99,Jennifer,Evans,jennifer.evans626@example.com,+15550100098,8388 Placeholder Ln,Apt 123,Fixturia,NY,35430,US,EAST,2023-07-20,2023-07-20T22:03:59,2024-07-23T21:50:02,2025-06-09T22:59:40
100,Cynthia,Foster,cynthia.foster541@example.com,+15550100099,5818 Demo Ave,Apt 129,Seedville,OH,58655,US,CENTRAL,2023-03-14,2023-03-14T17:12:41,2024-10-27T22:26:51,2025-05-03T22:55:54
101,Jessica,Torres,jessica.torres280@example.com,+15550100100,6154 Placeholder Ln,,Scaffoldton,TX,64381,US,SOUTH,2022-05-11,2022-05-11T07:05:28,2025-08-08T18:08:55,2023-01-15T07:58:05
102,Donald,Roberts,donald.roberts29@example.com,+15550100101,7279 Scaffold Pl,Apt 20,Sampletown,PA,28191,US,EAST,2022-05-07,2022-05-07T18:28:16,2023-12-11T04:13:43,2023-04-21T13:52:58
103,Brandon,Smith,brandon.smith263@example.com,+15550100102,8766 Test St,,Demoburg,GA,49472,US,SOUTH,2025-11-08,2025-11-08T04:48:54,2025-11-15T21:25:27,2025-11-10T01:05:50
104,Samantha,Richardson,samantha.richardson857@example.com,+15550100103,1797 Sample Blvd,,Seedburg,FL,48177,US,SOUTH,2023-12-12,2023-12-12T02:25:51,2024-01-29T21:14:27,2024-06-01T07:30:45
105,,,donald.kelly537@example.com,+15550100104,1991 Demo Ave,Apt 284,Seedville,OH,71621,US,CENTRAL,2023-10-10,2023-10-10T02:45:56,2024-07-27T02:20:03,2024-02-20T02:41:06
106,Catherine,Williams,catherine.williams247@example.com,+15550100105,4562 Placeholder Ln,,Mockville,WA,94252,US,WEST,2023-07-09,2023-07-09T17:25:28,2023-10-22T16:13:38,2024-12-26T08:35:35
107,Rachel,Morris,rachel.morris65@example.com,+15550100106,5717 Example Dr,,Shelbyville,MA,77552,US,EAST,2024-09-08,2024-09-08T08:49:10,2025-01-27T22:43:39,2024-12-22T02:39:13
108,Steven,Jones,steven.jones293@example.com,+15550100107,8380 Fixture Ct,Apt 189,Sampletown,PA,67637,US,EAST,2025-03-16,2025-03-16T04:43:15,2025-11-22T10:16:13,2025-05-29T09:56:02
109,Nancy,Murphy,nancy.murphy947@example.com,+15550100108,932 Demo Ave,,Exampleville,CO,81496,US,WEST,2024-12-11,2024-12-11T02:11:00,2025-06-22T07:26:14,2025-09-22T10:01:34
110,Carol,James,carol.james618@example.com,+15550100109,4633 Test St,,Scaffoldton,TX,90589,US,SOUTH,2023-04-05,2023-04-05T06:15:22,2024-07-24T09:14:59,2025-02-25T23:12:02
111,Elizabeth,Bennett,elizabeth.bennett526@example.com,+15550100110,5564 Sample Blvd,,Mockhaven,IL,57467,US,CENTRAL,2024-09-17,2024-09-17T08:11:24,2025-07-29T20:29:51,2025-06-26T12:48:01
112,Nicole,Martin,nicole.martin381@example.com,+15550100111,2747 Fixture Ct,,Placeholder,OH,42717,US,CENTRAL,2024-11-20,2024-11-20T21:16:06,2025-11-05T08:25:58,2025-09-05T00:32:52
113,Amy,Gutierrez,amy.gutierrez794@example.com,+15550100112,9289 Test St,,Examplewood,CA,27790,US,WEST,2023-08-25,2023-08-25T03:56:06,2024-02-24T02:22:59,2024-10-04T19:40:36
114,Carolyn,Cruz,carolyn.cruz991@example.com,+15550100113,1332 Sample Blvd,,Fixturedale,GA,93584,US,SOUTH,2022-05-17,2022-05-17T09:04:33,2025-10-27T11:11:55,2025-04-10T17:14:28
115,Mark,Thomas,mark.thomas810@example.com,+15550100114,6149 Template Cir,,Mockville,WA,18617,US,WEST,2022-11-09,2022-11-09T05:05:28,2023-06-12T22:47:46,2023-11-11T23:15:20
116,Shirley,Evans,shirley.evans76@example.com,+15550100115,7141 Sample Blvd,,Scaffoldia,AZ,26821,US,WEST,2025-04-09,2025-04-09T20:31:58,2025-09-15T20:43:47,2025-11-19T02:59:38
117,Nancy,Foster,nancy.foster933@example.com,+15550100116,5150 Mock Rd,,Testville,PA,55353,US,EAST,2022-07-20,2022-07-20T10:41:50,2024-05-22T11:52:33,2024-09-08T14:49:04
118,William,Allen,william.allen282@example.com,+15550100117,5962 Example Dr,Suite 272,Testville,PA,86106,US,EAST,2022-11-01,2022-11-01T22:39:57,2025-07-15T11:18:36,2025-03-06T15:31:20
119,Patrick,Cox,patrick.cox846@example.com,+15550100118,1784 Mock Rd,Suite 526,Shelbyville,MA,93753,US,EAST,2023-06-09,,2025-11-01T00:34:25,2023-08-12T11:12:18
120,Samuel,Hill,samuel.hill827@example.com,+15550100119,2632 Example Dr,Apt 226,Testville,PA,70875,US,EAST,2024-01-21,2024-01-21T05:29:16,2024-07-29T10:20:34,2025-10-07T05:57:43
121,Kenneth,Alvarez,kenneth.alvarez134@example.com,+15550100120,3000 Seed Way,,Seedville,OH,68929,US,CENTRAL,2023-05-12,2023-05-12T00:58:40,2024-10-29T13:19:31,2025-01-20T10:12:37
122,Donna,Roberts,donna.roberts986@example.com,+15550100121,3038 Mock Rd,Suite 610,Templateville,TX,71186,US,SOUTH,2025-09-04,2025-09-04T10:21:48,2025-11-24T15:00:44,2025-10-22T15:23:12
123,Robert,Lopez,robert.lopez990@example.com,+15550100122,4165 Placeholder Ln,Suite 606,Sampleburg,IL,95755,US,CENTRAL,2023-09-03,2023-09-03T21:07:52,2025-10-28T01:27:59,2025-08-14T03:55:29
124,Mary,Wilson,mary.wilson745@example.com,+15550100123,1871 Seed Way,Suite 683,Sampleburg,IL,35513,US,CENTRAL,2023-11-01,2023-11-01T10:09:06,2024-05-27T11:36:29,2024-12-16T06:24:57
125,Deborah,Cook,deborah.cook846@example.com,+15550100124,7811 Example Dr,,Sampleburg,IL,36090,US,CENTRAL,2023-12-01,2023-12-01T14:25:41,2025-07-17T07:57:12,2025-02-08T03:10:14
126,Jennifer,Garcia,jennifer.garcia342@example.com,+15550100125,7641 Mock Rd,Suite 435,Exampleville,CO,51750,US,WEST,2022-03-02,2022-03-02T10:49:04,2022-10-01T07:54:14,2025-03-14T23:27:00
127,Emma,Baker,emma.baker546@example.com,+15550100126,3828 Example Dr,,Seedville,OH,64596,US,CENTRAL,2024-02-28,2024-02-28T02:04:24,2025-12-02T10:30:23,2025-03-29T23:49:58
128,Scott,Stewart,scott.stewart592@example.com,+15550100127,3264 Seed Way,Suite 838,Seedton,AZ,59832,US,WEST,2023-02-17,2023-02-17T11:41:31,2025-12-01T21:53:41,2025-08-04T02:46:41
129,John,Kelly,john.kelly20@example.com,+15550100128,4664 Demo Ave,Suite 520,Shelbyville,MA,90147,US,EAST,2024-12-24,2024-12-24T05:18:45,2025-02-04T21:36:46,2025-05-21T09:47:24
130,Alexander,Moore,alexander.moore333@example.com,+15550100129,5853 Scaffold Pl,Suite 450,Seedton,AZ,56437,US,WEST,2024-03-16,2024-03-16T17:54:42,2024-08-24T19:02:28,2025-05-26T09:35:56
131,Brandon,Morris,brandon.morris572@example.com,+15550100130,8885 Mock Rd,,Scaffoldia,AZ,72888,US,WEST,2022-10-26,2022-10-26T16:07:39,2023-11-13T15:01:37,2024-01-03T02:14:23
132,Andrew,Thomas,andrew.thomas389@example.com,+15550100131,1989 Placeholder Ln,,Scaffoldia,AZ,55398,US,WEST,2024-06-09,2024-06-09T20:45:53,2025-11-17T09:55:03,2025-08-05T18:34:35
133,Catherine,Morris,catherine.morris278@example.com,+15550100132,9612 Placeholder Ln,,Springfield,MA,93616,US,EAST,2022-11-29,2022-11-29T10:00:23,2023-10-09T07:38:51,2025-03-15T01:38:48
134,Kevin,Alvarez,kevin.alvarez790@example.com,+15550100133,1876 Template Cir,,Templateville,TX,47649,US,SOUTH,2024-01-04,2024-01-04T20:29:39,2024-03-22T22:47:13,2025-06-16T22:49:59
135,Jerry,Lopez,jerry.lopez548@example.com,+15550100134,5763 Mock Rd,,Shelbyville,MA,14910,US,EAST,2024-10-10,,2025-12-30T06:04:50,2025-04-08T16:21:26
136,Kevin,Torres,kevin.torres911@example.com,+15550100135,8479 Demo Ave,Apt 170,Placeholder,OH,94972,US,CENTRAL,2023-12-07,2023-12-07T19:21:40,2025-04-18T22:17:27,2026-01-13T01:45:02
137,Jack,Baker,jack.baker691@example.com,+15550100136,9546 Example Dr,Apt 168,Demoville,NY,97720,US,EAST,2025-05-13,2025-05-13T09:57:19,2025-09-04T23:46:50,2025-12-19T22:03:35
138,Carol,Young,carol.young242@example.com,+15550100137,827 Seed Way,,Fixturia,NY,44282,US,EAST,2022-01-11,2022-01-11T14:38:43,2023-02-20T17:25:30,2023-08-30T11:20:06
139,Linda,Bennett,linda.bennett164@example.com,+15550100138,8618 Scaffold Pl,Suite 476,Scaffoldia,AZ,38947,US,WEST,2022-07-03,2022-07-03T15:44:30,2024-06-25T14:55:28,2023-10-23T06:18:40
140,Karen,Collins,karen.collins426@example.com,+15550100139,6067 Seed Way,,Fixturia,NY,78879,US,EAST,2025-03-07,2025-03-07T13:34:30,2025-10-28T19:28:16,2025-07-30T16:00:39
141,Elizabeth,Reed,elizabeth.reed561@example.com,+15550100140,5509 Template Cir,,Seedton,AZ,99167,US,WEST,2022-06-24,2022-06-24T07:26:49,2022-09-28T05:57:13,2026-01-01T18:22:59
142,Barbara,Rogers,barbara.rogers465@example.com,+15550100141,2141 Placeholder Ln,,Placeholder,OH,12853,US,CENTRAL,2023-11-24,2023-11-24T00:47:54,2025-08-13T03:54:41,2024-02-18T11:03:05
143,Justin,Martinez,justin.martinez718@example.com,+15550100142,6791 Mock Rd,,Testfield,CA,27750,US,WEST,2022-03-12,2022-03-12T08:31:34,2023-12-30T13:06:34,2023-08-29T13:29:35
144,Melissa,Carter,melissa.carter385@example.com,+15550100143,4944 Scaffold Pl,,Scaffoldia,AZ,80419,US,WEST,2023-11-28,2023-11-28T18:40:34,2025-10-04T05:34:23,2025-07-07T04:45:36
145,James,Long,james.long690@example.com,+15550100144,3243 Seed Way,,Demoville,NY,34704,US,EAST,2022-02-05,2022-02-05T07:38:03,2023-05-14T19:24:45,2024-01-25T13:40:14
146,John,James,john.james212@example.com,+15550100145,2951 Template Cir,,Seedton,AZ,42077,US,WEST,2023-10-14,2023-10-14T06:25:20,2023-11-07T13:44:23,2024-10-22T03:06:43
147,Sandra,Cooper,sandra.cooper516@example.com,+15550100146,6753 Scaffold Pl,,Demopolis,CO,41051,US,WEST,2022-12-04,2022-12-04T12:22:59,2023-03-02T04:46:09,2023-07-10T05:00:57
148,Mark,Evans,mark.evans571@example.com,+15550100147,5078 Placeholder Ln,Apt 25,Fixturia,NY,78742,US,EAST,2023-04-12,2023-04-12T19:29:15,2024-06-13T05:58:09,2023-07-16T12:09:10
149,Karen,Hill,karen.hill485@example.com,+15550100148,7143 Template Cir,Apt 288,Exampleville,CO,83044,US,WEST,2023-08-08,2023-08-08T19:27:11,2024-05-20T10:57:29,2025-11-21T10:52:20
150,Steven,Clark,@example.com,+15550100149,7718 Fixture Ct,Suite 789,Exampleville,CO,89026,US,WEST,2023-05-29,2023-05-29T01:05:48,2023-09-28T21:03:21,2025-04-26T18:21:53
151,Margaret,Morris,margaret.morris980@example.com,+15550100150,3601 Scaffold Pl,,Placeholder,OH,61987,US,CENTRAL,2022-11-21,2022-11-21T11:56:58,2024-04-21T17:45:31,2024-03-06T11:37:05
152,Heather,Torres,heather.torres665@example.com,+15550100151,2880 Demo Ave,Apt 239,Sampletown,PA,51973,US,EAST,2023-08-15,2023-08-15T08:05:54,2025-08-08T15:10:31,2025-11-21T08:01:01
153,Edward,Garcia,edward.garcia150@example.com,+15550100152,8545 Template Cir,,Samplefield,WA,59786,US,WEST,2024-05-23,2024-05-23T20:26:30,2024-11-11T17:17:23,2025-12-20T14:23:15
154,Stephen,Wood,stephen.wood782@example.com,+15550100153,1630 Example Dr,,Seedburg,FL,32185,US,SOUTH,2024-11-29,2024-11-29T20:55:56,2025-08-19T01:35:11,2025-06-17T17:51:02
155,Nancy,Cooper,nancy.cooper35@example.com,+15550100154,3780 Example Dr,,Testville,PA,29795,US,EAST,2024-09-24,,2024-11-08T15:14:08,2025-11-04T23:25:21
156,Linda,Richardson,linda.richardson17@example.com,+15550100155,500 Test St,,Fixturedale,GA,80220,US,SOUTH,2024-09-17,2024-09-17T16:14:42,2025-09-27T23:49:23,2025-10-01T14:30:35
157,Rachel,Gray,rachel.gray941@example.com,+15550100156,7884 Template Cir,,Examplewood,CA,45038,US,WEST,2023-10-31,2023-10-31T20:55:57,2024-08-05T08:29:05,2024-04-15T02:47:38
158,Stephanie,Collins,stephanie.collins232@example.com,+15550100157,7561 Seed Way,Apt 208,Scaffoldton,TX,82443,US,SOUTH,2024-05-27,2024-05-27T16:48:29,2024-12-02T14:31:54,2025-11-20T06:14:06
159,Rachel,Perez,rachel.perez445@example.com,+15550100158,6391 Fixture Ct,Suite 316,Shelbyville,MA,72324,US,EAST,2022-05-09,2022-05-09T10:45:43,2024-06-23T22:50:00,2025-12-12T14:56:27
160,Anna,Reed,anna.reed952@example.com,+15550100159,4097 Sample Blvd,Suite 266,Scaffoldton,TX,41519,US,SOUTH,2024-10-19,2024-10-19T08:05:27,2024-11-13T21:25:28,2025-03-07T15:30:03
161,Kevin,Roberts,kevin.roberts706@example.com,+15550100160,1846 Seed Way,,Demopolis,CO,54642,US,WEST,2025-03-19,2025-03-19T19:09:18,2025-05-13T03:35:20,2026-01-20T19:07:52
162,Ronald,Jimenez,ronald.jimenez803@example.com,+15550100161,2981 Scaffold Pl,Suite 290,Placeholder,OH,96595,US,CENTRAL,2023-05-23,2023-05-23T00:12:12,2023-07-08T00:43:40,2024-07-20T14:34:24
163,Ashley,Alvarez,ashley.alvarez158@example.com,+15550100162,922 Scaffold Pl,,Seedville,OH,10680,US,CENTRAL,2022-04-25,2022-04-25T04:31:40,2022-08-30T15:07:35,2023-06-15T11:14:57
164,Maria,Wright,maria.wright192@example.com,+15550100163,2088 Fixture Ct,,Fixturedale,GA,82642,US,SOUTH,2022-06-08,2022-06-08T19:27:48,2022-12-31T15:40:57,2022-10-22T10:08:24
165,Deborah,Johnson,deborah.johnson798@example.com,+15550100164,7712 Scaffold Pl,Apt 87,Placeholder,OH,32216,US,CENTRAL,2023-03-30,2023-03-30T08:51:28,2025-01-01T04:48:55,2024-11-21T19:04:23
166,Amy,Jackson,amy.jackson283@example.com,+15550100165,7351 Template Cir,Apt 127,Mockhaven,IL,87831,US,CENTRAL,2022-04-09,2022-04-09T06:46:13,2022-12-25T00:42:50,2024-02-13T12:40:34
167,Sarah,Hill,sarah.hill862@example.com,+15550100166,9076 Fixture Ct,,Fixturedale,GA,52030,US,SOUTH,2022-01-11,2022-01-11T12:18:20,2023-09-18T04:46:18,2023-06-11T14:15:39
168,Kathleen,Green,kathleen.green299@example.com,+15550100167,7877 Fixture Ct,Apt 144,Seedton,AZ,57843,US,WEST,2022-10-03,2022-10-03T22:47:50,2024-06-13T14:14:41,2024-02-11T17:06:42
169,Emma,Cooper,emma.cooper564@example.com,+15550100168,4150 Placeholder Ln,Apt 355,Placeholder,OH,98208,US,CENTRAL,2022-10-07,2022-10-07T12:10:21,2025-08-31T12:15:41,2026-01-11T23:02:32
170,,,donald.allen809@example.com,+15550100169,4019 Placeholder Ln,Apt 274,Shelbyville,MA,81256,US,EAST,2024-10-20,2024-10-20T04:44:07,2025-02-16T22:10:24,2025-09-13T20:24:43
171,Scott,Brooks,scott.brooks788@example.com,+15550100170,1369 Placeholder Ln,Suite 145,Scaffoldia,AZ,94545,US,WEST,2025-11-21,2025-11-21T11:20:58,2025-11-25T14:21:38,2025-12-02T02:11:55
172,Sharon,Wilson,sharon.wilson228@example.com,+15550100171,4551 Mock Rd,Suite 702,Exampleville,CO,29758,US,WEST,2022-01-17,2022-01-17T09:14:58,2022-06-19T13:34:06,2023-02-23T07:42:54
173,Susan,Nguyen,susan.nguyen852@example.com,+15550100172,8949 Demo Ave,,Examplewood,CA,72411,US,WEST,2023-10-09,2023-10-09T04:41:16,2024-02-19T13:35:12,2024-04-06T12:03:58
174,Kenneth,Rodriguez,kenneth.rodriguez24@example.com,+15550100173,2571 Example Dr,,Seedton,AZ,53383,US,WEST,2023-04-12,2023-04-12T10:39:23,2023-06-20T20:33:40,2023-10-08T05:20:46
175,Stephanie,Watson,stephanie.watson674@example.com,+15550100174,2603 Example Dr,,Fixturedale,GA,38153,US,SOUTH,2022-10-14,2022-10-14T12:51:38,2023-07-31T01:52:07,2025-07-05T11:38:37
176,Pamela,Wilson,pamela.wilson375@example.com,+15550100175,6897 Seed Way,,Seedton,AZ,88246,US,WEST,2025-05-26,2025-05-26T23:36:29,2025-12-21T11:46:34,2025-08-07T14:12:00
177,Joseph,Hall,joseph.hall834@example.com,+15550100176,8990 Fixture Ct,,Exampleville,CO,25328,US,WEST,2023-07-01,2023-07-01T18:56:56,2025-06-12T01:13:43,2024-03-25T19:14:26
178,Angela,Roberts,angela.roberts434@example.com,+15550100177,1120 Example Dr,,Seedton,AZ,28388,US,WEST,2023-10-12,2023-10-12T17:05:02,2024-05-13T21:08:57,2025-05-30T18:49:41
179,Michael,Rivera,michael.rivera200@example.com,+15550100178,6481 Template Cir,Apt 252,Fixturedale,GA,74054,US,SOUTH,2022-01-15,2022-01-15T21:17:47,2024-02-07T16:49:35,2022-08-15T23:40:46
180,Maria,Lewis,maria.lewis231@example.com,+15550100179,9532 Seed Way,Apt 396,Placeholder,OH,82053,US,CENTRAL,2023-03-30,2023-03-30T17:54:04,2023-05-20T12:51:44,2024-05-30T17:09:38
181,Paul,Jimenez,paul.jimenez843@example.com,+15550100180,196 Mock Rd,,Placeholder,OH,49021,US,CENTRAL,2024-04-23,2024-04-23T16:27:57,2025-02-02T15:15:53,2025-06-18T16:53:12
182,Kimberly,Hall,kimberly.hall887@example.com,+15550100181,6489 Seed Way,,Examplewood,CA,89988,US,WEST,2025-09-01,2025-09-01T09:07:54,2025-09-18T06:30:06,2025-11-25T15:20:44
183,Sarah,Clark,sarah.clark584@example.com,+15550100182,8099 Example Dr,,Demoville,NY,85069,US,EAST,2025-06-17,2025-06-17T18:35:30,2025-09-06T03:26:15,2025-07-10T19:50:48
184,Sarah,Long,sarah.long284@example.com,+15550100183,7240 Fixture Ct,,Testville,PA,98635,US,EAST,2025-05-05,2025-05-05T12:41:07,2025-10-12T09:02:24,2025-05-28T13:16:11
185,Benjamin,Wright,benjamin.wright463@example.com,+15550100184,6471 Mock Rd,,Demoville,NY,69597,US,EAST,2024-09-02,2024-09-02T06:33:30,2025-07-21T00:16:25,2025-06-20T16:16:38
186,James,Jimenez,james.jimenez749@example.com,+15550100185,2804 Fixture Ct,Apt 204,Mockville,WA,37767,US,WEST,2025-08-09,2025-08-09T00:41:13,2025-12-29T07:25:42,2025-08-27T02:45:30
187,Amanda,Peterson,amanda.peterson873@example.com,+15550100186,8851 Test St,Apt 321,Samplefield,WA,12134,US,WEST,2024-06-16,2024-06-16T18:55:40,2024-09-26T05:22:51,2025-08-30T12:34:53
188,Ryan,Smith,ryan.smith904@example.com,+15550100187,9797 Template Cir,,Fixturia,NY,58738,US,EAST,2023-10-27,2023-10-27T13:30:50,2024-09-05T20:28:59,2024-05-19T11:35:24
189,Michael,Gomez,michael.gomez440@example.com,+15550100188,1475 Seed Way,Suite 235,Springfield,MA,39647,US,EAST,2024-08-29,2024-08-29T20:13:04,2025-04-24T03:19:22,2025-02-27T16:58:31
190,Mary,Hughes,mary.hughes711@example.com,+15550100189,7664 Sample Blvd,,Fixturedale,GA,23526,US,SOUTH,2023-06-18,2023-06-18T17:22:21,2023-12-23T01:26:04,2025-04-04T18:22:37
191,Timothy,Jimenez,timothy.jimenez71@example.com,+15550100190,4362 Seed Way,,Mockhaven,IL,63963,US,CENTRAL,2025-06-17,2025-06-17T12:33:14,2025-08-08T05:34:00,2025-08-12T00:02:27
192,Barbara,Gonzalez,barbara.gonzalez604@example.com,+15550100191,3567 Fixture Ct,,Demoburg,GA,42527,US,SOUTH,2022-08-06,2022-08-06T12:04:05,2025-10-18T09:16:30,2023-02-13T19:42:07
193,Andrew,Jimenez,andrew.jimenez211@example.com,+15550100192,5629 Seed Way,,Placeholder,OH,41599,US,CENTRAL,2024-12-08,2024-12-08T14:48:50,2024-12-19T00:50:07,2025-07-30T21:57:54
194,Shirley,Johnson,not-an-email@example.com,+15550100193,7006 Placeholder Ln,Suite 117,Seedville,OH,18851,US,CENTRAL,2023-07-15,2023-07-15T22:43:00,2024-11-18T13:40:20,2024-02-05T23:23:42
195,Nicholas,Torres,nicholas.torres434@example.com,+15550100194,7805 Test St,,Examplewood,CA,50620,US,WEST,2024-09-03,2024-09-03T10:48:50,2025-09-27T15:02:36,2025-07-23T03:01:39
196,Jonathan,Adams,jonathan.adams716@example.com,+15550100195,5833 Example Dr,,Mockport,FL,69424,US,SOUTH,2023-08-30,2023-08-30T23:31:34,2023-12-11T16:28:30,2024-12-24T19:28:58
197,Christine,Patel,christine.patel13@example.com,+15550100196,759 Test St,,Examplewood,CA,31884,US,WEST,2024-10-19,2024-10-19T05:58:12,2025-03-04T16:14:49,2025-01-20T00:32:56
198,Janet,Thomas,janet.thomas827@example.com,+15550100197,3366 Test St,,Scaffoldia,AZ,75031,US,WEST,2025-04-13,2025-04-13T09:00:20,2025-04-24T18:37:32,2025-08-21T11:32:04
199,Amy,Reed,amy.reed262@example.com,+15550100198,4008 Sample Blvd,,Samplefield,WA,11610,US,WEST,2022-09-17,2022-09-17T05:47:21,2024-04-10T10:10:59,2023-05-19T14:43:49
200,Deborah,Martin,deborah.martin823@example.com,+15550100199,1974 Template Cir,,Fixturedale,GA,84912,US,SOUTH,2022-10-06,2022-10-06T00:08:49,2022-11-29T22:35:47,2025-02-10T20:26:24
