source_system,site_id,state_code,county_code,site_number,state_name,county_name,cbsa_name,latitude,longitude,datum,parameter_code,parameter_name,poc,sample_duration,pollutant_standard,units_of_measure,method_code,method_name,date_local,observation_count,observation_percent,arithmetic_mean,first_max_value,first_max_hour,aqi,load_time
AQS,06-037-0002,06,037,0002,CALIFORNIA,LOS ANGELES,Los Angeles-Long Beach-Anaheim,34.066700,-118.226800,WGS84,88101,PM2.5 - LOCAL CONDITIONS,1,24 HOUR,PM25 24-hour 2012,Micrograms/cubic meter (LC),170,R & P Model 2025,2023-01-01,21,87.5,27.94511,41.341448,12,67,2023-01-01 08:00:00
AQS,06-037-0002,06,037,0002,CALIFORNIA,LOS ANGELES,Los Angeles-Long Beach-Anaheim,34.066700,-118.226800,WGS84,88101,PM2.5 - LOCAL CONDITIONS,1,24 HOUR,PM25 24-hour 2012,Micrograms/cubic meter (LC),170,R & P Model 2025,2023-01-04,24,100.0,24.827712,27.816176,0,60,2023-01-04 08:00:00
AQS,06-037-0002,06,037,0002,CALIFORNIA,LOS ANGELES,Los Angeles-Long Beach-Anaheim,34.066700,-118.226800,WGS84,88101,PM2.5 - LOCAL CONDITIONS,1,24 HOUR,PM25 24-hour 2012,Micrograms/cubic meter (LC),170,R & P Model 2025,2023-01-07,23,95.83,22.703062,37.281004,18,60,2023-01-07 08:00:00
AQS,06-037-0002,06,037,0002,CALIFORNIA,LOS ANGELES,Los Angeles-Long Beach-Anaheim,34.066700,-118.226800,WGS84,88101,PM2.5 - LOCAL CONDITIONS,1,24 HOUR,PM25 24-hour 2012,Micrograms/cubic meter (LC),170,R & P Model 2025,2023-01-10,22,91.67,27.885812,44.168804,2,74,2023-01-10 08:00:00
AQS,06-037-0002,06,037,0002,CALIFORNIA,LOS ANGELES,Los Angeles-Long Beach-Anaheim,34.066700,-118.226800,WGS84,88101,PM2.5 - LOCAL CONDITIONS,1,24 HOUR,PM25 24-hour 2012,Micrograms/cubic meter (LC),170,R & P Model 2025,2023-01-13,20,83.33,26.759955,34.732033,16,66,2023-01-13 08:00:00
AQS,06-037-0002,06,037,0002,CALIFORNIA,LOS ANGELES,Los Angeles-Long Beach-Anaheim,34.066700,-118.226800,WGS84,88101,PM2.5 - LOCAL CONDITIONS,1,24 HOUR,PM25 24-hour 2012,Micrograms/cubic meter (LC),170,R & P Model 2025,2023-01-16,20,83.33,22.191134,25.880172,20,60,2023-01-16 08:00:00
AQS,06-037-0002,06,037,0002,CALIFORNIA,LOS ANGELES,Los Angeles-Long Beach-Anaheim,34.066700,-118.226800,WGS84,88101,PM2.5 - LOCAL CONDITIONS,1,24 HOUR,PM25 24-hour 2012,Micrograms/cubic meter (LC),170,R & P Model 2025,2023-01-19,23,95.83,34.971055,45.560114,3,93,2023-01-19 08:00:00
AQS,06-037-0002,06,037,0002,CALIFORNIA,LOS ANGELES,Los Angeles-Long Beach-Anaheim,34.066700,-118.226800,WGS84,88101,PM2.5 - LOCAL CONDITIONS,1,24 HOUR,PM25 24-hour 2012,Micrograms/cubic meter (LC),170,R & P Model 2025,2023-01-22,21,87.5,29.113776,50.711034,8,73,2023-01-22 08:00:00
AQS,06-037-0002,06,037,0002,CALIFORNIA,LOS ANGELES,Los Angeles-Long Beach-Anaheim,34.066700,-118.226800,WGS84,88101,PM2.5 - LOCAL CONDITIONS,1,24 HOUR,PM25 24-hour 2012,Micrograms/cubic meter (LC),170,R & P Model 2025,2023-01-25,23,95.83,33.700976,55.390668,22,80,2023-01-25 08:00:00
AQS,06-037-0002,06,037,0002,CALIFORNIA,LOS ANGELES,Los Angeles-Long Beach-Anaheim,34.066700,-118.226800,WGS84,88101,PM2.5 - LOCAL CONDITIONS,1,24 HOUR,PM25 24-hour 2012,Micrograms/cubic meter (LC),170,R & P Model 2025,2023-01-28,22,91.67,21.64317,34.61838,11,69,2023-01-28 08:00:00
AQS,06-037-0002,06,037,0002,CALIFORNIA,LOS ANGELES,Los Angeles-Long Beach-Anaheim,34.066700,-118.226800,WGS84,88101,PM2.5 - LOCAL CONDITIONS,1,24 HOUR,PM25 24-hour 2012,Micrograms/cubic meter (LC),170,R & P Model 2025,2023-01-31,24,100.0,35.118189,54.130851,4,100,2023-01-31 08:00:00
AQS,06-037-0002,06,037,0002,CALIFORNIA,LOS ANGELES,Los Angeles-Long Beach-Anaheim,34.066700,-118.226800,WGS84,88101,PM2.5 - LOCAL CONDITIONS,1,24 HOUR,PM25 24-hour 2012,Micrograms/cubic meter (LC),170,R & P Model 2025,2023-02-03,24,100.0,22.965445,32.585687,23,63,2023-02-03 08:00:00
AQS,06-037-0002,06,037,0002,CALIFORNIA,LOS ANGELES,Los Angeles-Long Beach-Anaheim,34.066700,-118.226800,WGS84,88101,PM2.5 - LOCAL CONDITIONS,1,24 HOUR,PM25 24-hour 2012,Micrograms/cubic meter (LC),170,R & P Model 2025,2023-02-06,20,83.33,19.741594,23.889075,18,51,2023-02-06 08:00:00
AQS,06-037-0002,06,037,0002,CALIFORNIA,LOS ANGELES,Los Angeles-Long Beach-Anaheim,34.066700,-118.226800,WGS84,88101,PM2.5 - LOCAL CONDITIONS,1,24 HOUR,PM25 24-hour 2012,Micrograms/cubic meter (LC),170,R & P Model 2025,2023-02-09,22,91.67,31.808739,49.391124,11,91,2023-02-09 08:00:00
AQS,06-037-0002,06,037,0002,CALIFORNIA,LOS ANGELES,Los Angeles-Long Beach-Anaheim,34.066700,-118.226800,WGS84,88101,PM2.5 - LOCAL CONDITIONS,1,24 HOUR,PM25 24-hour 2012,Micrograms/cubic meter (LC),170,R & P Model 2025,2023-02-12,22,91.67,28.579132,39.52985,3,77,2023-02-12 08:00:00
AQS,06-037-0002,06,037,0002,CALIFORNIA,LOS ANGELES,Los Angeles-Long Beach-Anaheim,34.066700,-118.226800,WGS84,88101,PM2.5 - LOCAL CONDITIONS,1,24 HOUR,PM25 24-hour 2012,Micrograms/cubic meter (LC),170,R & P Model 2025,2023-02-15,23,95.83,33.246961,50.691938,1,79,2023-02-15 08:00:00
AQS,06-037-0002,06,037,0002,CALIFORNIA,LOS ANGELES,Los Angeles-Long Beach-Anaheim,34.066700,-118.226800,WGS84,88101,PM2.5 - LOCAL CONDITIONS,1,24 HOUR,PM25 24-hour 2012,Micrograms/cubic meter (LC),170,R & P Model 2025,2023-02-18,21,87.5,30.48974,43.654043,20,75,2023-02-18 08:00:00
AQS,06-037-0002,06,037,0002,CALIFORNIA,LOS ANGELES,Los Angeles-Long Beach-Anaheim,34.066700,-118.226800,WGS84,88101,PM2.5 - LOCAL CONDITIONS,1,24 HOUR,PM25 24-hour 2012,Micrograms/cubic meter (LC),170,R & P Model 2025,2023-02-21,22,91.67,31.497669,34.766427,20,93,2023-02-21 08:00:00
AQS,06-037-0002,06,037,0002,CALIFORNIA,LOS ANGELES,Los Angeles-Long Beach-Anaheim,34.066700,-118.226800,WGS84,88101,PM2.5 - LOCAL CONDITIONS,1,24 HOUR,PM25 24-hour 2012,Micrograms/cubic meter (LC),170,R & P Model 2025,2023-02-24,22,91.67,20.072024,23.125051,5,58,2023-02-24 08:00:00
AQS,06-037-0002,06,037,0002,CALIFORNIA,LOS ANGELES,Los Angeles-Long Beach-Anaheim,34.066700,-118.226800,WGS84,88101,PM2.5 - LOCAL CONDITIONS,1,24 HOUR,PM25 24-hour 2012,Micrograms/cubic meter (LC),170,R & P Model 2025,2023-02-27,20,83.33,30.700009,47.232968,8,77,2023-02-27 08:00:00
AQS,06-037-0002,06,037,0002,CALIFORNIA,LOS ANGELES,Los Angeles-Long Beach-Anaheim,34.066700,-118.226800,WGS84,88101,PM2.5 - LOCAL CONDITIONS,1,24 HOUR,PM25 24-hour 2012,Micrograms/cubic meter (LC),170,R & P Model 2025,2023-03-02,24,100.0,25.213465,44.997453,19,60,2023-03-02 08:00:00
AQS,06-037-0002,06,037,0002,CALIFORNIA,LOS ANGELES,Los Angeles-Long Beach-Anaheim,34.066700,-118.226800,WGS84,88101,PM2.5 - LOCAL CONDITIONS,1,24 HOUR,PM25 24-hour 2012,Micrograms/cubic meter (LC),170,R & P Model 2025,2023-03-05,22,91.67,22.60836,37.492703,15,53,2023-03-05 08:00:00
AQS,06-037-0002,06,037,0002,CALIFORNIA,LOS ANGELES,Los Angeles-Long Beach-Anaheim,34.066700,-118.226800,WGS84,88101,PM2.5 - LOCAL CONDITIONS,1,24 HOUR,PM25 24-hour 2012,Micrograms/cubic meter (LC),170,R & P Model 2025,2023-03-08,23,95.83,22.097948,30.542911,2,67,2023-03-08 08:00:00
AQS,06-037-0002,06,037,0002,CALIFORNIA,LOS ANGELES,Los Angeles-Long Beach-Anaheim,34.066700,-118.226800,WGS84,88101,PM2.5 - LOCAL CONDITIONS,1,24 HOUR,PM25 24-hour 2012,Micrograms/cubic meter (LC),170,R & P Model 2025,2023-03-11,21,87.5,22.395748,26.700151,2,54,2023-03-11 08:00:00
AQS,06-037-0002,06,037,0002,CALIFORNIA,LOS ANGELES,Los Angeles-Long Beach-Anaheim,34.066700,-118.226800,WGS84,88101,PM2.5 - LOCAL CONDITIONS,1,24 HOUR,PM25 24-hour 2012,Micrograms/cubic meter (LC),170,R & P Model 2025,2023-03-14,23,95.83,32.737812,45.085322,2,87,2023-03-14 08:00:00
AQS,06-037-0002,06,037,0002,CALIFORNIA,LOS ANGELES,Los Angeles-Long Beach-Anaheim,34.066700,-118.226800,WGS84,88101,PM2.5 - LOCAL CONDITIONS,1,24 HOUR,PM25 24-hour 2012,Micrograms/cubic meter (LC),170,R & P Model 2025,2023-03-17,22,91.67,21.65874,32.559719,23,53,2023-03-17 08:00:00
AQS,06-037-0002,06,037,0002,CALIFORNIA,LOS ANGELES,Los Angeles-Long Beach-Anaheim,34.066700,-118.226800,WGS84,88101,PM2.5 - LOCAL CONDITIONS,1,24 HOUR,PM25 24-hour 2012,Micrograms/cubic meter (LC),170,R & P Model 2025,2023-03-20,20,83.33,26.068036,43.736904,22,67,2023-03-20 08:00:00
AQS,06-037-0002,06,037,0002,CALIFORNIA,LOS ANGELES,Los Angeles-Long Beach-Anaheim,34.066700,-118.226800,WGS84,88101,PM2.5 - LOCAL CONDITIONS,1,24 HOUR,PM25 24-hour 2012,Micrograms/cubic meter (LC),170,R & P Model 2025,2023-03-23,22,91.67,20.981885,30.243418,13,63,2023-03-23 08:00:00
AQS,06-037-0002,06,037,0002,CALIFORNIA,LOS ANGELES,Los Angeles-Long Beach-Anaheim,34.066700,-118.226800,WGS84,88101,PM2.5 - LOCAL CONDITIONS,1,24 HOUR,PM25 24-hour 2012,Micrograms/cubic meter (LC),170,R & P Model 2025,2023-03-26,22,91.67,28.762992,51.555507,4,80,2023-03-26 08:00:00
AQS,06-037-0002,06,037,0002,CALIFORNIA,LOS ANGELES,Los Angeles-Long Beach-Anaheim,34.066700,-118.226800,WGS84,88101,PM2.5 - LOCAL CONDITIONS,1,24 HOUR,PM25 24-hour 2012,Micrograms/cubic meter (LC),170,R & P Model 2025,2023-03-29,20,83.33,20.939729,31.78701,10,63,2023-03-29 08:00:00
AQS,06-037-0002,06,037,0002,CALIFORNIA,LOS ANGELES,Los Angeles-Long Beach-Anaheim,34.066700,-118.226800,WGS84,88101,PM2.5 - LOCAL CONDITIONS,1,24 HOUR,PM25 24-hour 2012,Micrograms/cubic meter (LC),170,R & P Model 2025,2023-04-01,20,83.33,31.443587,54.690907,2,77,2023-04-01 08:00:00
AQS,06-037-0002,06,037,0002,CALIFORNIA,LOS ANGELES,Los Angeles-Long Beach-Anaheim,34.066700,-118.226800,WGS84,88101,PM2.5 - LOCAL CONDITIONS,1,24 HOUR,PM25 24-hour 2012,Micrograms/cubic meter (LC),170,R & P Model 2025,2023-04-04,23,95.83,30.552148,42.284346,12,91,2023-04-04 08:00:00
AQS,06-037-0002,06,037,0002,CALIFORNIA,LOS ANGELES,Los Angeles-Long Beach-Anaheim,34.066700,-118.226800,WGS84,88101,PM2.5 - LOCAL CONDITIONS,1,24 HOUR,PM25 24-hour 2012,Micrograms/cubic meter (LC),170,R & P Model 2025,2023-04-07,23,95.83,24.778079,38.22394,7,72,2023-04-07 08:00:00
AQS,06-037-0002,06,037,0002,CALIFORNIA,LOS ANGELES,Los Angeles-Long Beach-Anaheim,34.066700,-118.226800,WGS84,88101,PM2.5 - LOCAL CONDITIONS,1,24 HOUR,PM25 24-hour 2012,Micrograms/cubic meter (LC),170,R & P Model 2025,2023-04-10,22,91.67,18.751553,29.703394,9,41,2023-04-10 08:00:00
AQS,06-037-0002,06,037,0002,CALIFORNIA,LOS ANGELES,Los Angeles-Long Beach-Anaheim,34.066700,-118.226800,WGS84,88101,PM2.5 - LOCAL CONDITIONS,1,24 HOUR,PM25 24-hour 2012,Micrograms/cubic meter (LC),170,R & P Model 2025,2023-04-13,21,87.5,15.235047,24.1939,5,52,2023-04-13 08:00:00
AQS,06-037-0002,06,037,0002,CALIFORNIA,LOS ANGELES,Los Angeles-Long Beach-Anaheim,34.066700,-118.226800,WGS84,88101,PM2.5 - LOCAL CONDITIONS,1,24 HOUR,PM25 24-hour 2012,Micrograms/cubic meter (LC),170,R & P Model 2025,2023-04-16,20,83.33,18.195233,20.214045,12,43,2023-04-16 08:00:00
AQS,06-037-0002,06,037,0002,CALIFORNIA,LOS ANGELES,Los Angeles-Long Beach-Anaheim,34.066700,-118.226800,WGS84,88101,PM2.5 - LOCAL CONDITIONS,1,24 HOUR,PM25 24-hour 2012,Micrograms/cubic meter (LC),170,R & P Model 2025,2023-04-19,23,95.83,24.070316,27.339297,4,64,2023-04-19 08:00:00
AQS,06-037-0002,06,037,0002,CALIFORNIA,LOS ANGELES,Los Angeles-Long Beach-Anaheim,34.066700,-118.226800,WGS84,88101,PM2.5 - LOCAL CONDITIONS,1,24 HOUR,PM25 24-hour 2012,Micrograms/cubic meter (LC),170,R & P Model 2025,2023-04-22,24,100.0,19.775682,33.002455,22,49,2023-04-22 08:00:00
AQS,06-037-0002,06,037,0002,CALIFORNIA,LOS ANGELES,Los Angeles-Long Beach-Anaheim,34.066700,-118.226800,WGS84,88101,PM2.5 - LOCAL CONDITIONS,1,24 HOUR,PM25 24-hour 2012,Micrograms/cubic meter (LC),170,R & P Model 2025,2023-04-25,24,100.0,16.131785,23.86424,9,45,2023-04-25 08:00:00
AQS,06-037-0002,06,037,0002,CALIFORNIA,LOS ANGELES,Los Angeles-Long Beach-Anaheim,34.066700,-118.226800,WGS84,88101,PM2.5 - LOCAL CONDITIONS,1,24 HOUR,PM25 24-hour 2012,Micrograms/cubic meter (LC),170,R & P Model 2025,2023-04-28,21,87.5,15.277222,25.314001,0,36,2023-04-28 08:00:00
AQS,06-037-0002,06,037,0002,CALIFORNIA,LOS ANGELES,Los Angeles-Long Beach-Anaheim,34.066700,-118.226800,WGS84,88101,PM2.5 - LOCAL CONDITIONS,1,24 HOUR,PM25 24-hour 2012,Micrograms/cubic meter (LC),170,R & P Model 2025,2023-05-01,21,87.5,16.818859,20.542688,13,40,2023-05-01 08:00:00
AQS,06-037-0002,06,037,0002,CALIFORNIA,LOS ANGELES,Los Angeles-Long Beach-Anaheim,34.066700,-118.226800,WGS84,88101,PM2.5 - LOCAL CONDITIONS,1,24 HOUR,PM25 24-hour 2012,Micrograms/cubic meter (LC),170,R & P Model 2025,2023-05-04,22,91.67,25.866009,33.396211,7,71,2023-05-04 08:00:00
AQS,06-037-0002,06,037,0002,CALIFORNIA,LOS ANGELES,Los Angeles-Long Beach-Anaheim,34.066700,-118.226800,WGS84,88101,PM2.5 - LOCAL CONDITIONS,1,24 HOUR,PM25 24-hour 2012,Micrograms/cubic meter (LC),170,R & P Model 2025,2023-05-07,22,91.67,23.950449,42.490329,12,63,2023-05-07 08:00:00
AQS,06-037-0002,06,037,0002,CALIFORNIA,LOS ANGELES,Los Angeles-Long Beach-Anaheim,34.066700,-118.226800,WGS84,88101,PM2.5 - LOCAL CONDITIONS,1,24 HOUR,PM25 24-hour 2012,Micrograms/cubic meter (LC),170,R & P Model 2025,2023-05-10,23,95.83,27.061327,32.86237,5,67,2023-05-10 08:00:00
AQS,06-037-0002,06,037,0002,CALIFORNIA,LOS ANGELES,Los Angeles-Long Beach-Anaheim,34.066700,-118.226800,WGS84,88101,PM2.5 - LOCAL CONDITIONS,1,24 HOUR,PM25 24-hour 2012,Micrograms/cubic meter (LC),170,R & P Model 2025,2023-05-13,23,95.83,18.83445,32.763492,9,57,2023-05-13 08:00:00
AQS,06-037-0002,06,037,0002,CALIFORNIA,LOS ANGELES,Los Angeles-Long Beach-Anaheim,34.066700,-118.226800,WGS84,88101,PM2.5 - LOCAL CONDITIONS,1,24 HOUR,PM25 24-hour 2012,Micrograms/cubic meter (LC),170,R & P Model 2025,2023-05-16,23,95.83,27.412943,43.370512,12,77,2023-05-16 08:00:00
AQS,06-037-0002,06,037,0002,CALIFORNIA,LOS ANGELES,Los Angeles-Long Beach-Anaheim,34.066700,-118.226800,WGS84,88101,PM2.5 - LOCAL CONDITIONS,1,24 HOUR,PM25 24-hour 2012,Micrograms/cubic meter (LC),170,R & P Model 2025,2023-05-19,24,100.0,22.168581,26.126598,6,58,2023-05-19 08:00:00
AQS,06-037-0002,06,037,0002,CALIFORNIA,LOS ANGELES,Los Angeles-Long Beach-Anaheim,34.066700,-118.226800,WGS84,88101,PM2.5 - LOCAL CONDITIONS,1,24 HOUR,PM25 24-hour 2012,Micrograms/cubic meter (LC),170,R & P Model 2025,2023-05-22,21,87.5,18.280085,22.987379,11,60,2023-05-22 08:00:00
AQS,06-037-0002,06,037,0002,CALIFORNIA,LOS ANGELES,Los Angeles-Long Beach-Anaheim,34.066700,-118.226800,WGS84,88101,PM2.5 - LOCAL CONDITIONS,1,24 HOUR,PM25 24-hour 2012,Micrograms/cubic meter (LC),170,R & P Model 2025,2023-05-25,22,91.67,14.70393,18.490498,1,44,2023-05-25 08:00:00
AQS,06-037-0002,06,037,0002,CALIFORNIA,LOS ANGELES,Los Angeles-Long Beach-Anaheim,34.066700,-118.226800,WGS84,88101,PM2.5 - LOCAL CONDITIONS,1,24 HOUR,PM25 24-hour 2012,Micrograms/cubic meter (LC),170,R & P Model 2025,2023-05-28,20,83.33,30.955061,45.728169,0,85,2023-05-28 08:00:00
AQS,06-037-0002,06,037,0002,CALIFORNIA,LOS ANGELES,Los Angeles-Long Beach-Anaheim,34.066700,-118.226800,WGS84,88101,PM2.5 - LOCAL CONDITIONS,1,24 HOUR,PM25 24-hour 2012,Micrograms/cubic meter (LC),170,R & P Model 2025,2023-05-31,21,87.5,17.916563,26.444708,20,39,2023-05-31 08:00:00
AQS,06-037-0002,06,037,0002,CALIFORNIA,LOS ANGELES,Los Angeles-Long Beach-Anaheim,34.066700,-118.226800,WGS84,88101,PM2.5 - LOCAL CONDITIONS,1,24 HOUR,PM25 24-hour 2012,Micrograms/cubic meter (LC),170,R & P Model 2025,2023-06-03,22,91.67,19.585858,30.810516,14,63,2023-06-03 08:00:00
AQS,06-037-0002,06,037,0002,CALIFORNIA,LOS ANGELES,Los Angeles-Long Beach-Anaheim,34.066700,-118.226800,WGS84,88101,PM2.5 - LOCAL CONDITIONS,1,24 HOUR,PM25 24-hour 2012,Micrograms/cubic meter (LC),170,R & P Model 2025,2023-06-06,20,83.33,24.450429,26.988956,9,74,2023-06-06 08:00:00
AQS,06-037-0002,06,037,0002,CALIFORNIA,LOS ANGELES,Los Angeles-Long Beach-Anaheim,34.066700,-118.226800,WGS84,88101,PM2.5 - LOCAL CONDITIONS,1,24 HOUR,PM25 24-hour 2012,Micrograms/cubic meter (LC),170,R & P Model 2025,2023-06-09,22,91.67,18.857904,23.680039,21,60,2023-06-09 08:00:00
AQS,06-037-0002,06,037,0002,CALIFORNIA,LOS ANGELES,Los Angeles-Long Beach-Anaheim,34.066700,-118.226800,WGS84,88101,PM2.5 - LOCAL CONDITIONS,1,24 HOUR,PM25 24-hour 2012,Micrograms/cubic meter (LC),170,R & P Model 2025,2023-06-12,23,95.83,16.159025,21.709855,1,36,2023-06-12 08:00:00
AQS,06-037-0002,06,037,0002,CALIFORNIA,LOS ANGELES,Los Angeles-Long Beach-Anaheim,34.066700,-118.226800,WGS84,88101,PM2.5 - LOCAL CONDITIONS,1,24 HOUR,PM25 24-hour 2012,Micrograms/cubic meter (LC),170,R & P Model 2025,2023-06-15,20,83.33,32.041292,36.882896,5,87,2023-06-15 08:00:00
AQS,06-037-0002,06,037,0002,CALIFORNIA,LOS ANGELES,Los Angeles-Long Beach-Anaheim,34.066700,-118.226800,WGS84,88101,PM2.5 - LOCAL CONDITIONS,1,24 HOUR,PM25 24-hour 2012,Micrograms/cubic meter (LC),170,R & P Model 2025,2023-06-18,24,100.0,23.487993,26.855512,0,60,2023-06-18 08:00:00
AQS,06-037-0002,06,037,0002,CALIFORNIA,LOS ANGELES,Los Angeles-Long Beach-Anaheim,34.066700,-118.226800,WGS84,88101,PM2.5 - LOCAL CONDITIONS,1,24 HOUR,PM25 24-hour 2012,Micrograms/cubic meter (LC),170,R & P Model 2025,2023-06-21,20,83.33,22.083599,39.175288,0,51,2023-06-21 08:00:00
AQS,06-037-0002,06,037,0002,CALIFORNIA,LOS ANGELES,Los Angeles-Long Beach-Anaheim,34.066700,-118.226800,WGS84,88101,PM2.5 - LOCAL CONDITIONS,1,24 HOUR,PM25 24-hour 2012,Micrograms/cubic meter (LC),170,R & P Model 2025,2023-06-24,23,95.83,25.383074,40.588482,3,68,2023-06-24 08:00:00
AQS,06-037-0002,06,037,0002,CALIFORNIA,LOS ANGELES,Los Angeles-Long Beach-Anaheim,34.066700,-118.226800,WGS84,88101,PM2.5 - LOCAL CONDITIONS,1,24 HOUR,PM25 24-hour 2012,Micrograms/cubic meter (LC),170,R & P Model 2025,2023-06-27,24,100.0,32.048248,42.698937,15,82,2023-06-27 08:00:00
AQS,06-037-0002,06,037,0002,CALIFORNIA,LOS ANGELES,Los Angeles-Long Beach-Anaheim,34.066700,-118.226800,WGS84,88101,PM2.5 - LOCAL CONDITIONS,1,24 HOUR,PM25 24-hour 2012,Micrograms/cubic meter (LC),170,R & P Model 2025,2023-06-30,24,100.0,16.510941,18.280334,20,36,2023-06-30 08:00:00
AQS,06-037-0002,06,037,0002,CALIFORNIA,LOS ANGELES,Los Angeles-Long Beach-Anaheim,34.066700,-118.226800,WGS84,88101,PM2.5 - LOCAL CONDITIONS,1,24 HOUR,PM25 24-hour 2012,Micrograms/cubic meter (LC),170,R & P Model 2025,2023-07-03,21,87.5,19.527929,33.636843,20,62,2023-07-03 08:00:00
AQS,06-037-0002,06,037,0002,CALIFORNIA,LOS ANGELES,Los Angeles-Long Beach-Anaheim,34.066700,-118.226800,WGS84,88101,PM2.5 - LOCAL CONDITIONS,1,24 HOUR,PM25 24-hour 2012,Micrograms/cubic meter (LC),170,R & P Model 2025,2023-07-06,20,83.33,28.353984,42.139625,12,82,2023-07-06 08:00:00
AQS,06-037-0002,06,037,0002,CALIFORNIA,LOS ANGELES,Los Angeles-Long Beach-Anaheim,34.066700,-118.226800,WGS84,88101,PM2.5 - LOCAL CONDITIONS,1,24 HOUR,PM25 24-hour 2012,Micrograms/cubic meter (LC),170,R & P Model 2025,2023-07-09,21,87.5,26.210792,44.013113,2,76,2023-07-09 08:00:00
AQS,06-037-0002,06,037,0002,CALIFORNIA,LOS ANGELES,Los Angeles-Long Beach-Anaheim,34.066700,-118.226800,WGS84,88101,PM2.5 - LOCAL CONDITIONS,1,24 HOUR,PM25 24-hour 2012,Micrograms/cubic meter (LC),170,R & P Model 2025,2023-07-12,21,87.5,27.059259,31.89945,6,78,2023-07-12 08:00:00
AQS,06-037-0002,06,037,0002,CALIFORNIA,LOS ANGELES,Los Angeles-Long Beach-Anaheim,34.066700,-118.226800,WGS84,88101,PM2.5 - LOCAL CONDITIONS,1,24 HOUR,PM25 24-hour 2012,Micrograms/cubic meter (LC),170,R & P Model 2025,2023-07-15,21,87.5,19.626522,33.764917,17,52,2023-07-15 08:00:00
AQS,06-037-0002,06,037,0002,CALIFORNIA,LOS ANGELES,Los Angeles-Long Beach-Anaheim,34.066700,-118.226800,WGS84,88101,PM2.5 - LOCAL CONDITIONS,1,24 HOUR,PM25 24-hour 2012,Micrograms/cubic meter (LC),170,R & P Model 2025,2023-07-18,24,100.0,23.840941,36.552511,0,66,2023-07-18 08:00:00
AQS,06-037-0002,06,037,0002,CALIFORNIA,LOS ANGELES,Los Angeles-Long Beach-Anaheim,34.066700,-118.226800,WGS84,88101,PM2.5 - LOCAL CONDITIONS,1,24 HOUR,PM25 24-hour 2012,Micrograms/cubic meter (LC),170,R & P Model 2025,2023-07-21,23,95.83,23.644671,32.98705,4,68,2023-07-21 08:00:00
AQS,06-037-0002,06,037,0002,CALIFORNIA,LOS ANGELES,Los Angeles-Long Beach-Anaheim,34.066700,-118.226800,WGS84,88101,PM2.5 - LOCAL CONDITIONS,1,24 HOUR,PM25 24-hour 2012,Micrograms/cubic meter (LC),170,R & P Model 2025,2023-07-24,24,100.0,18.233548,23.209382,10,46,2023-07-24 08:00:00
AQS,06-037-0002,06,037,0002,CALIFORNIA,LOS ANGELES,Los Angeles-Long Beach-Anaheim,34.066700,-118.226800,WGS84,88101,PM2.5 - LOCAL CONDITIONS,1,24 HOUR,PM25 24-hour 2012,Micrograms/cubic meter (LC),170,R & P Model 2025,2023-07-27,20,83.33,25.255107,35.221517,12,68,2023-07-27 08:00:00
AQS,06-037-0002,06,037,0002,CALIFORNIA,LOS ANGELES,Los Angeles-Long Beach-Anaheim,34.066700,-118.226800,WGS84,88101,PM2.5 - LOCAL CONDITIONS,1,24 HOUR,PM25 24-hour 2012,Micrograms/cubic meter (LC),170,R & P Model 2025,2023-07-30,22,91.67,23.548238,36.352999,18,70,2023-07-30 08:00:00
AQS,06-037-0002,06,037,0002,CALIFORNIA,LOS ANGELES,Los Angeles-Long Beach-Anaheim,34.066700,-118.226800,WGS84,88101,PM2.5 - LOCAL CONDITIONS,1,24 HOUR,PM25 24-hour 2012,Micrograms/cubic meter (LC),170,R & P Model 2025,2023-08-02,23,95.83,25.235603,42.623526,22,73,2023-08-02 08:00:00
AQS,06-037-0002,06,037,0002,CALIFORNIA,LOS ANGELES,Los Angeles-Long Beach-Anaheim,34.066700,-118.226800,WGS84,88101,PM2.5 - LOCAL CONDITIONS,1,24 HOUR,PM25 24-hour 2012,Micrograms/cubic meter (LC),170,R & P Model 2025,2023-08-05,22,91.67,29.169596,34.267459,7,75,2023-08-05 08:00:00
AQS,06-037-0002,06,037,0002,CALIFORNIA,LOS ANGELES,Los Angeles-Long Beach-Anaheim,34.066700,-118.226800,WGS84,88101,PM2.5 - LOCAL CONDITIONS,1,24 HOUR,PM25 24-hour 2012,Micrograms/cubic meter (LC),170,R & P Model 2025,2023-08-08,24,100.0,31.441198,40.932101,6,92,2023-08-08 08:00:00
AQS,06-037-0002,06,037,0002,CALIFORNIA,LOS ANGELES,Los Angeles-Long Beach-Anaheim,34.066700,-118.226800,WGS84,88101,PM2.5 - LOCAL CONDITIONS,1,24 HOUR,PM25 24-hour 2012,Micrograms/cubic meter (LC),170,R & P Model 2025,2023-08-11,23,95.83,26.742119,40.926475,9,67,2023-08-11 08:00:00
AQS,06-037-0002,06,037,0002,CALIFORNIA,LOS ANGELES,Los Angeles-Long Beach-Anaheim,34.066700,-118.226800,WGS84,88101,PM2.5 - LOCAL CONDITIONS,1,24 HOUR,PM25 24-hour 2012,Micrograms/cubic meter (LC),170,R & P Model 2025,2023-08-14,22,91.67,23.064482,40.779455,5,59,2023-08-14 08:00:00
AQS,06-037-0002,06,037,0002,CALIFORNIA,LOS ANGELES,Los Angeles-Long Beach-Anaheim,34.066700,-118.226800,WGS84,88101,PM2.5 - LOCAL CONDITIONS,1,24 HOUR,PM25 24-hour 2012,Micrograms/cubic meter (LC),170,R & P Model 2025,2023-08-17,23,95.83,23.672223,26.407528,15,56,2023-08-17 08:00:00
AQS,06-037-0002,06,037,0002,CALIFORNIA,LOS ANGELES,Los Angeles-Long Beach-Anaheim,34.066700,-118.226800,WGS84,88101,PM2.5 - LOCAL CONDITIONS,1,24 HOUR,PM25 24-hour 2012,Micrograms/cubic meter (LC),170,R & P Model 2025,2023-08-20,24,100.0,28.50058,46.878643,7,73,2023-08-20 08:00:00
AQS,06-037-0002,06,037,0002,CALIFORNIA,LOS ANGELES,Los Angeles-Long Beach-Anaheim,34.066700,-118.226800,WGS84,88101,PM2.5 - LOCAL CONDITIONS,1,24 HOUR,PM25 24-hour 2012,Micrograms/cubic meter (LC),170,R & P Model 2025,2023-08-23,22,91.67,31.007152,53.099062,18,87,2023-08-23 08:00:00
AQS,06-037-0002,06,037,0002,CALIFORNIA,LOS ANGELES,Los Angeles-Long Beach-Anaheim,34.066700,-118.226800,WGS84,88101,PM2.5 - LOCAL CONDITIONS,1,24 HOUR,PM25 24-hour 2012,Micrograms/cubic meter (LC),170,R & P Model 2025,2023-08-26,22,91.67,24.519554,43.961922,20,68,2023-08-26 08:00:00
AQS,06-037-0002,06,037,0002,CALIFORNIA,LOS ANGELES,Los Angeles-Long Beach-Anaheim,34.066700,-118.226800,WGS84,88101,PM2.5 - LOCAL CONDITIONS,1,24 HOUR,PM25 24-hour 2012,Micrograms/cubic meter (LC),170,R & P Model 2025,2023-08-29,22,91.67,34.698014,51.514593,16,93,2023-08-29 08:00:00
AQS,06-037-0002,06,037,0002,CALIFORNIA,LOS ANGELES,Los Angeles-Long Beach-Anaheim,34.066700,-118.226800,WGS84,88101,PM2.5 - LOCAL CONDITIONS,1,24 HOUR,PM25 24-hour 2012,Micrograms/cubic meter (LC),170,R & P Model 2025,2023-09-01,20,83.33,17.700929,22.855501,17,40,2023-09-01 08:00:00
AQS,06-037-0002,06,037,0002,CALIFORNIA,LOS ANGELES,Los Angeles-Long Beach-Anaheim,34.066700,-118.226800,WGS84,88101,PM2.5 - LOCAL CONDITIONS,1,24 HOUR,PM25 24-hour 2012,Micrograms/cubic meter (LC),170,R & P Model 2025,2023-09-04,24,100.0,22.924097,25.57938,20,64,2023-09-04 08:00:00
AQS,06-037-0002,06,037,0002,CALIFORNIA,LOS ANGELES,Los Angeles-Long Beach-Anaheim,34.066700,-118.226800,WGS84,88101,PM2.5 - LOCAL CONDITIONS,1,24 HOUR,PM25 24-hour 2012,Micrograms/cubic meter (LC),170,R & P Model 2025,2023-09-07,22,91.67,33.847822,58.428723,21,94,2023-09-07 08:00:00
AQS,06-037-0002,06,037,0002,CALIFORNIA,LOS ANGELES,Los Angeles-Long Beach-Anaheim,34.066700,-118.226800,WGS84,88101,PM2.5 - LOCAL CONDITIONS,1,24 HOUR,PM25 24-hour 2012,Micrograms/cubic meter (LC),170,R & P Model 2025,2023-09-10,22,91.67,33.217575,36.811744,15,83,2023-09-10 08:00:00
AQS,06-037-0002,06,037,0002,CALIFORNIA,LOS ANGELES,Los Angeles-Long Beach-Anaheim,34.066700,-118.226800,WGS84,88101,PM2.5 - LOCAL CONDITIONS,1,24 HOUR,PM25 24-hour 2012,Micrograms/cubic meter (LC),170,R & P Model 2025,2023-09-13,22,91.67,29.40778,51.333023,17,69,2023-09-13 08:00:00
AQS,06-037-0002,06,037,0002,CALIFORNIA,LOS ANGELES,Los Angeles-Long Beach-Anaheim,34.066700,-118.226800,WGS84,88101,PM2.5 - LOCAL CONDITIONS,1,24 HOUR,PM25 24-hour 2012,Micrograms/cubic meter (LC),170,R & P Model 2025,2023-09-16,22,91.67,18.161206,23.961955,0,60,2023-09-16 08:00:00
AQS,06-037-0002,06,037,0002,CALIFORNIA,LOS ANGELES,Los Angeles-Long Beach-Anaheim,34.066700,-118.226800,WGS84,88101,PM2.5 - LOCAL CONDITIONS,1,24 HOUR,PM25 24-hour 2012,Micrograms/cubic meter (LC),170,R & P Model 2025,2023-09-19,22,91.67,20.16006,31.257211,6,59,2023-09-19 08:00:00
AQS,06-037-0002,06,037,0002,CALIFORNIA,LOS ANGELES,Los Angeles-Long Beach-Anaheim,34.066700,-118.226800,WGS84,88101,PM2.5 - LOCAL CONDITIONS,1,24 HOUR,PM25 24-hour 2012,Micrograms/cubic meter (LC),170,R & P Model 2025,2023-09-22,22,91.67,22.227476,24.957754,13,55,2023-09-22 08:00:00
AQS,06-037-0002,06,037,0002,CALIFORNIA,LOS ANGELES,Los Angeles-Long Beach-Anaheim,34.066700,-118.226800,WGS84,88101,PM2.5 - LOCAL CONDITIONS,1,24 HOUR,PM25 24-hour 2012,Micrograms/cubic meter (LC),170,R & P Model 2025,2023-09-25,20,83.33,31.590419,41.047802,9,89,2023-09-25 08:00:00
AQS,06-037-0002,06,037,0002,CALIFORNIA,LOS ANGELES,Los Angeles-Long Beach-Anaheim,34.066700,-118.226800,WGS84,88101,PM2.5 - LOCAL CONDITIONS,1,24 HOUR,PM25 24-hour 2012,Micrograms/cubic meter (LC),170,R & P Model 2025,2023-09-28,20,83.33,17.264415,30.24092,20,44,2023-09-28 08:00:00
AQS,06-037-0002,06,037,0002,CALIFORNIA,LOS ANGELES,Los Angeles-Long Beach-Anaheim,34.066700,-118.226800,WGS84,88101,PM2.5 - LOCAL CONDITIONS,1,24 HOUR,PM25 24-hour 2012,Micrograms/cubic meter (LC),170,R & P Model 2025,2023-10-01,21,87.5,22.956315,32.453319,6,68,2023-10-01 08:00:00
AQS,06-037-0002,06,037,0002,CALIFORNIA,LOS ANGELES,Los Angeles-Long Beach-Anaheim,34.066700,-118.226800,WGS84,88101,PM2.5 - LOCAL CONDITIONS,1,24 HOUR,PM25 24-hour 2012,Micrograms/cubic meter (LC),170,R & P Model 2025,2023-10-04,20,83.33,20.392423,33.772307,4,57,2023-10-04 08:00:00
AQS,06-037-0002,06,037,0002,CALIFORNIA,LOS ANGELES,Los Angeles-Long Beach-Anaheim,34.066700,-118.226800,WGS84,88101,PM2.5 - LOCAL CONDITIONS,1,24 HOUR,PM25 24-hour 2012,Micrograms/cubic meter (LC),170,R & P Model 2025,2023-10-07,24,100.0,20.323743,29.717847,12,54,2023-10-07 08:00:00
AQS,06-037-0002,06,037,0002,CALIFORNIA,LOS ANGELES,Los Angeles-Long Beach-Anaheim,34.066700,-118.226800,WGS84,88101,PM2.5 - LOCAL CONDITIONS,1,24 HOUR,PM25 24-hour 2012,Micrograms/cubic meter (LC),170,R & P Model 2025,2023-10-10,23,95.83,15.837528,26.242287,9,53,2023-10-10 08:00:00
AQS,06-037-0002,06,037,0002,CALIFORNIA,LOS ANGELES,Los Angeles-Long Beach-Anaheim,34.066700,-118.226800,WGS84,88101,PM2.5 - LOCAL CONDITIONS,1,24 HOUR,PM25 24-hour 2012,Micrograms/cubic meter (LC),170,R & P Model 2025,2023-10-13,20,83.33,15.288153,22.308251,10,46,2023-10-13 08:00:00
AQS,06-037-0002,06,037,0002,CALIFORNIA,LOS ANGELES,Los Angeles-Long Beach-Anaheim,34.066700,-118.226800,WGS84,88101,PM2.5 - LOCAL CONDITIONS,1,24 HOUR,PM25 24-hour 2012,Micrograms/cubic meter (LC),170,R & P Model 2025,2023-10-16,20,83.33,29.903227,36.570442,21,83,2023-10-16 08:00:00
AQS,06-037-0002,06,037,0002,CALIFORNIA,LOS ANGELES,Los Angeles-Long Beach-Anaheim,34.066700,-118.226800,WGS84,88101,PM2.5 - LOCAL CONDITIONS,1,24 HOUR,PM25 24-hour 2012,Micrograms/cubic meter (LC),170,R & P Model 2025,2023-10-19,20,83.33,30.771562,40.533455,4,87,2023-10-19 08:00:00
AQS,06-037-0002,06,037,0002,CALIFORNIA,LOS ANGELES,Los Angeles-Long Beach-Anaheim,34.066700,-118.226800,WGS84,88101,PM2.5 - LOCAL CONDITIONS,1,24 HOUR,PM25 24-hour 2012,Micrograms/cubic meter (LC),170,R & P Model 2025,2023-10-22,20,83.33,25.382651,28.771133,5,60,2023-10-22 08:00:00
AQS,06-037-0002,06,037,0002,CALIFORNIA,LOS ANGELES,Los Angeles-Long Beach-Anaheim,34.066700,-118.226800,WGS84,88101,PM2.5 - LOCAL CONDITIONS,1,24 HOUR,PM25 24-hour 2012,Micrograms/cubic meter (LC),170,R & P Model 2025,2023-10-25,23,95.83,17.14819,21.920171,10,37,2023-10-25 08:00:00
AQS,06-037-0002,06,037,0002,CALIFORNIA,LOS ANGELES,Los Angeles-Long Beach-Anaheim,34.066700,-118.226800,WGS84,88101,PM2.5 - LOCAL CONDITIONS,1,24 HOUR,PM25 24-hour 2012,Micrograms/cubic meter (LC),170,R & P Model 2025,2023-10-28,24,100.0,30.541687,48.852506,19,77,2023-10-28 08:00:00
AQS,06-037-0002,06,037,0002,CALIFORNIA,LOS ANGELES,Los Angeles-Long Beach-Anaheim,34.066700,-118.226800,WGS84,88101,PM2.5 - LOCAL CONDITIONS,1,24 HOUR,PM25 24-hour 2012,Micrograms/cubic meter (LC),170,R & P Model 2025,2023-10-31,23,95.83,15.528676,25.221336,0,40,2023-10-31 08:00:00
AQS,06-037-0002,06,037,0002,CALIFORNIA,LOS ANGELES,Los Angeles-Long Beach-Anaheim,34.066700,-118.226800,WGS84,88101,PM2.5 - LOCAL CONDITIONS,1,24 HOUR,PM25 24-hour 2012,Micrograms/cubic meter (LC),170,R & P Model 2025,2023-11-03,23,95.83,18.605522,22.04775,17,52,2023-11-03 08:00:00
AQS,06-037-0002,06,037,0002,CALIFORNIA,LOS ANGELES,Los Angeles-Long Beach-Anaheim,34.066700,-118.226800,WGS84,88101,PM2.5 - LOCAL CONDITIONS,1,24 HOUR,PM25 24-hour 2012,Micrograms/cubic meter (LC),170,R & P Model 2025,2023-11-06,22,91.67,33.859213,60.114547,11,85,2023-11-06 08:00:00
AQS,06-037-0002,06,037,0002,CALIFORNIA,LOS ANGELES,Los Angeles-Long Beach-Anaheim,34.066700,-118.226800,WGS84,88101,PM2.5 - LOCAL CONDITIONS,1,24 HOUR,PM25 24-hour 2012,Micrograms/cubic meter (LC),170,R & P Model 2025,2023-11-09,20,83.33,20.212755,32.201094,15,65,2023-11-09 08:00:00
AQS,06-037-0002,06,037,0002,CALIFORNIA,LOS ANGELES,Los Angeles-Long Beach-Anaheim,34.066700,-118.226800,WGS84,88101,PM2.5 - LOCAL CONDITIONS,1,24 HOUR,PM25 24-hour 2012,Micrograms/cubic meter (LC),170,R & P Model 2025,2023-11-12,22,91.67,18.648134,25.760653,13,49,2023-11-12 08:00:00
AQS,06-037-0002,06,037,0002,CALIFORNIA,LOS ANGELES,Los Angeles-Long Beach-Anaheim,34.066700,-118.226800,WGS84,88101,PM2.5 - LOCAL CONDITIONS,1,24 HOUR,PM25 24-hour 2012,Micrograms/cubic meter (LC),170,R & P Model 2025,2023-11-15,22,91.67,24.000609,39.503975,0,72,2023-11-15 08:00:00
AQS,06-037-0002,06,037,0002,CALIFORNIA,LOS ANGELES,Los Angeles-Long Beach-Anaheim,34.066700,-118.226800,WGS84,88101,PM2.5 - LOCAL CONDITIONS,1,24 HOUR,PM25 24-hour 2012,Micrograms/cubic meter (LC),170,R & P Model 2025,2023-11-18,21,87.5,30.783436,37.140385,10,89,2023-11-18 08:00:00
AQS,06-037-0002,06,037,0002,CALIFORNIA,LOS ANGELES,Los Angeles-Long Beach-Anaheim,34.066700,-118.226800,WGS84,88101,PM2.5 - LOCAL CONDITIONS,1,24 HOUR,PM25 24-hour 2012,Micrograms/cubic meter (LC),170,R & P Model 2025,2023-11-21,21,87.5,20.453254,35.455524,3,47,2023-11-21 08:00:00
AQS,06-037-0002,06,037,0002,CALIFORNIA,LOS ANGELES,Los Angeles-Long Beach-Anaheim,34.066700,-118.226800,WGS84,88101,PM2.5 - LOCAL CONDITIONS,1,24 HOUR,PM25 24-hour 2012,Micrograms/cubic meter (LC),170,R & P Model 2025,2023-11-24,23,95.83,27.447067,43.824613,9,63,2023-11-24 08:00:00
AQS,06-037-0002,06,037,0002,CALIFORNIA,LOS ANGELES,Los Angeles-Long Beach-Anaheim,34.066700,-118.226800,WGS84,88101,PM2.5 - LOCAL CONDITIONS,1,24 HOUR,PM25 24-hour 2012,Micrograms/cubic meter (LC),170,R & P Model 2025,2023-11-27,23,95.83,28.023686,46.410137,4,66,2023-11-27 08:00:00
AQS,06-037-0002,06,037,0002,CALIFORNIA,LOS ANGELES,Los Angeles-Long Beach-Anaheim,34.066700,-118.226800,WGS84,88101,PM2.5 - LOCAL CONDITIONS,1,24 HOUR,PM25 24-hour 2012,Micrograms/cubic meter (LC),170,R & P Model 2025,2023-11-30,21,87.5,30.710825,51.227204,1,91,2023-11-30 08:00:00
AQS,06-037-0002,06,037,0002,CALIFORNIA,LOS ANGELES,Los Angeles-Long Beach-Anaheim,34.066700,-118.226800,WGS84,88101,PM2.5 - LOCAL CONDITIONS,1,24 HOUR,PM25 24-hour 2012,Micrograms/cubic meter (LC),170,R & P Model 2025,2023-12-03,21,87.5,31.525918,51.037642,11,78,2023-12-03 08:00:00
AQS,06-037-0002,06,037,0002,CALIFORNIA,LOS ANGELES,Los Angeles-Long Beach-Anaheim,34.066700,-118.226800,WGS84,88101,PM2.5 - LOCAL CONDITIONS,1,24 HOUR,PM25 24-hour 2012,Micrograms/cubic meter (LC),170,R & P Model 2025,2023-12-06,22,91.67,23.216313,38.224714,1,53,2023-12-06 08:00:00
AQS,06-037-0002,06,037,0002,CALIFORNIA,LOS ANGELES,Los Angeles-Long Beach-Anaheim,34.066700,-118.226800,WGS84,88101,PM2.5 - LOCAL CONDITIONS,1,24 HOUR,PM25 24-hour 2012,Micrograms/cubic meter (LC),170,R & P Model 2025,2023-12-09,24,100.0,33.082668,58.82322,22,80,2023-12-09 08:00:00
AQS,06-037-0002,06,037,0002,CALIFORNIA,LOS ANGELES,Los Angeles-Long Beach-Anaheim,34.066700,-118.226800,WGS84,88101,PM2.5 - LOCAL CONDITIONS,1,24 HOUR,PM25 24-hour 2012,Micrograms/cubic meter (LC),170,R & P Model 2025,2023-12-12,21,87.5,32.961711,55.317306,4,85,2023-12-12 08:00:00
AQS,06-037-0002,06,037,0002,CALIFORNIA,LOS ANGELES,Los Angeles-Long Beach-Anaheim,34.066700,-118.226800,WGS84,88101,PM2.5 - LOCAL CONDITIONS,1,24 HOUR,PM25 24-hour 2012,Micrograms/cubic meter (LC),170,R & P Model 2025,2023-12-15,20,83.33,24.512333,38.739769,5,75,2023-12-15 08:00:00
AQS,06-037-0002,06,037,0002,CALIFORNIA,LOS ANGELES,Los Angeles-Long Beach-Anaheim,34.066700,-118.226800,WGS84,88101,PM2.5 - LOCAL CONDITIONS,1,24 HOUR,PM25 24-hour 2012,Micrograms/cubic meter (LC),170,R & P Model 2025,2023-12-18,22,91.67,23.930102,40.326354,23,62,2023-12-18 08:00:00
AQS,06-037-0002,06,037,0002,CALIFORNIA,LOS ANGELES,Los Angeles-Long Beach-Anaheim,34.066700,-118.226800,WGS84,88101,PM2.5 - LOCAL CONDITIONS,1,24 HOUR,PM25 24-hour 2012,Micrograms/cubic meter (LC),170,R & P Model 2025,2023-12-21,20,83.33,38.606816,64.372096,16,95,2023-12-21 08:00:00
AQS,06-037-0002,06,037,0002,CALIFORNIA,LOS ANGELES,Los Angeles-Long Beach-Anaheim,34.066700,-118.226800,WGS84,88101,PM2.5 - LOCAL CONDITIONS,1,24 HOUR,PM25 24-hour 2012,Micrograms/cubic meter (LC),170,R & P Model 2025,2023-12-24,23,95.83,36.083773,50.211474,3,86,2023-12-24 08:00:00
AQS,06-037-0002,06,037,0002,CALIFORNIA,LOS ANGELES,Los Angeles-Long Beach-Anaheim,34.066700,-118.226800,WGS84,88101,PM2.5 - LOCAL CONDITIONS,1,24 HOUR,PM25 24-hour 2012,Micrograms/cubic meter (LC),170,R & P Model 2025,2023-12-27,20,83.33,34.274085,58.142858,20,99,2023-12-27 08:00:00
AQS,06-037-0002,06,037,0002,CALIFORNIA,LOS ANGELES,Los Angeles-Long Beach-Anaheim,34.066700,-118.226800,WGS84,88101,PM2.5 - LOCAL CONDITIONS,1,24 HOUR,PM25 24-hour 2012,Micrograms/cubic meter (LC),170,R & P Model 2025,2023-12-30,23,95.83,34.193397,39.000038,22,89,2023-12-30 08:00:00
AQS,06-037-0002,06,037,0002,CALIFORNIA,LOS ANGELES,Los Angeles-Long Beach-Anaheim,34.066700,-118.226800,WGS84,44201,OZONE,1,8-HR RUN AVG BEGIN HOUR,Ozone 8-hour 2015,Parts per million,047,UV Absorption,2023-01-01,21,87.5,0.042443,0.04836,5,44,2023-01-01 08:00:00
AQS,06-037-0002,06,037,0002,CALIFORNIA,LOS ANGELES,Los Angeles-Long Beach-Anaheim,34.066700,-118.226800,WGS84,44201,OZONE,1,8-HR RUN AVG BEGIN HOUR,Ozone 8-hour 2015,Parts per million,047,UV Absorption,2023-01-04,22,91.67,0.034471,0.042846,23,27,2023-01-04 08:00:00
AQS,06-037-0002,06,037,0002,CALIFORNIA,LOS ANGELES,Los Angeles-Long Beach-Anaheim,34.066700,-118.226800,WGS84,44201,OZONE,1,8-HR RUN AVG BEGIN HOUR,Ozone 8-hour 2015,Parts per million,047,UV Absorption,2023-01-07,20,83.33,0.030582,0.033789,19,50,2023-01-07 08:00:00
AQS,06-037-0002,06,037,0002,CALIFORNIA,LOS ANGELES,Los Angeles-Long Beach-Anaheim,34.066700,-118.226800,WGS84,44201,OZONE,1,8-HR RUN AVG BEGIN HOUR,Ozone 8-hour 2015,Parts per million,047,UV Absorption,2023-01-10,20,83.33,0.034828,0.037311,16,39,2023-01-10 08:00:00
AQS,06-037-0002,06,037,0002,CALIFORNIA,LOS ANGELES,Los Angeles-Long Beach-Anaheim,34.066700,-118.226800,WGS84,44201,OZONE,1,8-HR RUN AVG BEGIN HOUR,Ozone 8-hour 2015,Parts per million,047,UV Absorption,2023-01-13,20,83.33,0.025326,0.02848,13,38,2023-01-13 08:00:00
AQS,06-037-0002,06,037,0002,CALIFORNIA,LOS ANGELES,Los Angeles-Long Beach-Anaheim,34.066700,-118.226800,WGS84,44201,OZONE,1,8-HR RUN AVG BEGIN HOUR,Ozone 8-hour 2015,Parts per million,047,UV Absorption,2023-01-16,23,95.83,0.04708,0.054554,13,73,2023-01-16 08:00:00
AQS,06-037-0002,06,037,0002,CALIFORNIA,LOS ANGELES,Los Angeles-Long Beach-Anaheim,34.066700,-118.226800,WGS84,44201,OZONE,1,8-HR RUN AVG BEGIN HOUR,Ozone 8-hour 2015,Parts per million,047,UV Absorption,2023-01-19,22,91.67,0.041293,0.049692,20,55,2023-01-19 08:00:00
AQS,06-037-0002,06,037,0002,CALIFORNIA,LOS ANGELES,Los Angeles-Long Beach-Anaheim,34.066700,-118.226800,WGS84,44201,OZONE,1,8-HR RUN AVG BEGIN HOUR,Ozone 8-hour 2015,Parts per million,047,UV Absorption,2023-01-22,20,83.33,0.053065,0.066537,13,69,2023-01-22 08:00:00
AQS,06-037-0002,06,037,0002,CALIFORNIA,LOS ANGELES,Los Angeles-Long Beach-Anaheim,34.066700,-118.226800,WGS84,44201,OZONE,1,8-HR RUN AVG BEGIN HOUR,Ozone 8-hour 2015,Parts per million,047,UV Absorption,2023-01-25,23,95.83,0.026718,0.033904,23,44,2023-01-25 08:00:00
AQS,06-037-0002,06,037,0002,CALIFORNIA,LOS ANGELES,Los Angeles-Long Beach-Anaheim,34.066700,-118.226800,WGS84,44201,OZONE,1,8-HR RUN AVG BEGIN HOUR,Ozone 8-hour 2015,Parts per million,047,UV Absorption,2023-01-28,23,95.83,0.05139,0.059385,7,68,2023-01-28 08:00:00
AQS,06-037-0002,06,037,0002,CALIFORNIA,LOS ANGELES,Los Angeles-Long Beach-Anaheim,34.066700,-118.226800,WGS84,44201,OZONE,1,8-HR RUN AVG BEGIN HOUR,Ozone 8-hour 2015,Parts per million,047,UV Absorption,2023-01-31,23,95.83,0.046748,0.05394,3,46,2023-01-31 08:00:00
AQS,06-037-0002,06,037,0002,CALIFORNIA,LOS ANGELES,Los Angeles-Long Beach-Anaheim,34.066700,-118.226800,WGS84,44201,OZONE,1,8-HR RUN AVG BEGIN HOUR,Ozone 8-hour 2015,Parts per million,047,UV Absorption,2023-02-03,21,87.5,0.052806,0.065963,16,53,2023-02-03 08:00:00
AQS,06-037-0002,06,037,0002,CALIFORNIA,LOS ANGELES,Los Angeles-Long Beach-Anaheim,34.066700,-118.226800,WGS84,44201,OZONE,1,8-HR RUN AVG BEGIN HOUR,Ozone 8-hour 2015,Parts per million,047,UV Absorption,2023-02-06,23,95.83,0.043446,0.053785,1,37,2023-02-06 08:00:00
AQS,06-037-0002,06,037,0002,CALIFORNIA,LOS ANGELES,Los Angeles-Long Beach-Anaheim,34.066700,-118.226800,WGS84,44201,OZONE,1,8-HR RUN AVG BEGIN HOUR,Ozone 8-hour 2015,Parts per million,047,UV Absorption,2023-02-09,22,91.67,0.046679,0.059011,18,68,2023-02-09 08:00:00
AQS,06-037-0002,06,037,0002,CALIFORNIA,LOS ANGELES,Los Angeles-Long Beach-Anaheim,34.066700,-118.226800,WGS84,44201,OZONE,1,8-HR RUN AVG BEGIN HOUR,Ozone 8-hour 2015,Parts per million,047,UV Absorption,2023-02-12,22,91.67,0.042325,0.048548,16,32,2023-02-12 08:00:00
AQS,06-037-0002,06,037,0002,CALIFORNIA,LOS ANGELES,Los Angeles-Long Beach-Anaheim,34.066700,-118.226800,WGS84,44201,OZONE,1,8-HR RUN AVG BEGIN HOUR,Ozone 8-hour 2015,Parts per million,047,UV Absorption,2023-02-15,24,100.0,0.034532,0.041736,11,35,2023-02-15 08:00:00
AQS,06-037-0002,06,037,0002,CALIFORNIA,LOS ANGELES,Los Angeles-Long Beach-Anaheim,34.066700,-118.226800,WGS84,44201,OZONE,1,8-HR RUN AVG BEGIN HOUR,Ozone 8-hour 2015,Parts per million,047,UV Absorption,2023-02-18,21,87.5,0.053364,0.058368,15,64,2023-02-18 08:00:00
AQS,06-037-0002,06,037,0002,CALIFORNIA,LOS ANGELES,Los Angeles-Long Beach-Anaheim,34.066700,-118.226800,WGS84,44201,OZONE,1,8-HR RUN AVG BEGIN HOUR,Ozone 8-hour 2015,Parts per million,047,UV Absorption,2023-02-21,21,87.5,0.038485,0.040633,22,33,2023-02-21 08:00:00
AQS,06-037-0002,06,037,0002,CALIFORNIA,LOS ANGELES,Los Angeles-Long Beach-Anaheim,34.066700,-118.226800,WGS84,44201,OZONE,1,8-HR RUN AVG BEGIN HOUR,Ozone 8-hour 2015,Parts per million,047,UV Absorption,2023-02-24,23,95.83,0.052342,0.059929,21,77,2023-02-24 08:00:00
AQS,06-037-0002,06,037,0002,CALIFORNIA,LOS ANGELES,Los Angeles-Long Beach-Anaheim,34.066700,-118.226800,WGS84,44201,OZONE,1,8-HR RUN AVG BEGIN HOUR,Ozone 8-hour 2015,Parts per million,047,UV Absorption,2023-02-27,22,91.67,0.036827,0.045321,10,33,2023-02-27 08:00:00
AQS,06-037-0002,06,037,0002,CALIFORNIA,LOS ANGELES,Los Angeles-Long Beach-Anaheim,34.066700,-118.226800,WGS84,44201,OZONE,1,8-HR RUN AVG BEGIN HOUR,Ozone 8-hour 2015,Parts per million,047,UV Absorption,2023-03-02,20,83.33,0.057852,0.066805,14,70,2023-03-02 08:00:00
AQS,06-037-0002,06,037,0002,CALIFORNIA,LOS ANGELES,Los Angeles-Long Beach-Anaheim,34.066700,-118.226800,WGS84,44201,OZONE,1,8-HR RUN AVG BEGIN HOUR,Ozone 8-hour 2015,Parts per million,047,UV Absorption,2023-03-05,23,95.83,0.049204,0.059032,16,47,2023-03-05 08:00:00
AQS,06-037-0002,06,037,0002,CALIFORNIA,LOS ANGELES,Los Angeles-Long Beach-Anaheim,34.066700,-118.226800,WGS84,44201,OZONE,1,8-HR RUN AVG BEGIN HOUR,Ozone 8-hour 2015,Parts per million,047,UV Absorption,2023-03-08,24,100.0,0.039834,0.049643,19,41,2023-03-08 08:00:00
AQS,06-037-0002,06,037,0002,CALIFORNIA,LOS ANGELES,Los Angeles-Long Beach-Anaheim,34.066700,-118.226800,WGS84,44201,OZONE,1,8-HR RUN AVG BEGIN HOUR,Ozone 8-hour 2015,Parts per million,047,UV Absorption,2023-03-11,20,83.33,0.050663,0.061215,7,70,2023-03-11 08:00:00
AQS,06-037-0002,06,037,0002,CALIFORNIA,LOS ANGELES,Los Angeles-Long Beach-Anaheim,34.066700,-118.226800,WGS84,44201,OZONE,1,8-HR RUN AVG BEGIN HOUR,Ozone 8-hour 2015,Parts per million,047,UV Absorption,2023-03-14,24,100.0,0.047429,0.05035,23,77,2023-03-14 08:00:00
AQS,06-037-0002,06,037,0002,CALIFORNIA,LOS ANGELES,Los Angeles-Long Beach-Anaheim,34.066700,-118.226800,WGS84,44201,OZONE,1,8-HR RUN AVG BEGIN HOUR,Ozone 8-hour 2015,Parts per million,047,UV Absorption,2023-03-17,21,87.5,0.06032,0.074657,10,90,2023-03-17 08:00:00
AQS,06-037-0002,06,037,0002,CALIFORNIA,LOS ANGELES,Los Angeles-Long Beach-Anaheim,34.066700,-118.226800,WGS84,44201,OZONE,1,8-HR RUN AVG BEGIN HOUR,Ozone 8-hour 2015,Parts per million,047,UV Absorption,2023-03-20,23,95.83,0.04901,0.055303,10,52,2023-03-20 08:00:00
AQS,06-037-0002,06,037,0002,CALIFORNIA,LOS ANGELES,Los Angeles-Long Beach-Anaheim,34.066700,-118.226800,WGS84,44201,OZONE,1,8-HR RUN AVG BEGIN HOUR,Ozone 8-hour 2015,Parts per million,047,UV Absorption,2023-03-23,23,95.83,0.041351,0.051253,1,59,2023-03-23 08:00:00
AQS,06-037-0002,06,037,0002,CALIFORNIA,LOS ANGELES,Los Angeles-Long Beach-Anaheim,34.066700,-118.226800,WGS84,44201,OZONE,1,8-HR RUN AVG BEGIN HOUR,Ozone 8-hour 2015,Parts per million,047,UV Absorption,2023-03-26,24,100.0,0.043763,0.047693,0,60,2023-03-26 08:00:00
AQS,06-037-0002,06,037,0002,CALIFORNIA,LOS ANGELES,Los Angeles-Long Beach-Anaheim,34.066700,-118.226800,WGS84,44201,OZONE,1,8-HR RUN AVG BEGIN HOUR,Ozone 8-hour 2015,Parts per million,047,UV Absorption,2023-03-29,22,91.67,0.037519,0.045418,10,31,2023-03-29 08:00:00
AQS,06-037-0002,06,037,0002,CALIFORNIA,LOS ANGELES,Los Angeles-Long Beach-Anaheim,34.066700,-118.226800,WGS84,44201,OZONE,1,8-HR RUN AVG BEGIN HOUR,Ozone 8-hour 2015,Parts per million,047,UV Absorption,2023-04-01,21,87.5,0.073767,0.087006,7,63,2023-04-01 08:00:00
AQS,06-037-0002,06,037,0002,CALIFORNIA,LOS ANGELES,Los Angeles-Long Beach-Anaheim,34.066700,-118.226800,WGS84,44201,OZONE,1,8-HR RUN AVG BEGIN HOUR,Ozone 8-hour 2015,Parts per million,047,UV Absorption,2023-04-04,24,100.0,0.071407,0.079194,8,65,2023-04-04 08:00:00
AQS,06-037-0002,06,037,0002,CALIFORNIA,LOS ANGELES,Los Angeles-Long Beach-Anaheim,34.066700,-118.226800,WGS84,44201,OZONE,1,8-HR RUN AVG BEGIN HOUR,Ozone 8-hour 2015,Parts per million,047,UV Absorption,2023-04-07,21,87.5,0.074547,0.082609,10,91,2023-04-07 08:00:00
AQS,06-037-0002,06,037,0002,CALIFORNIA,LOS ANGELES,Los Angeles-Long Beach-Anaheim,34.066700,-118.226800,WGS84,44201,OZONE,1,8-HR RUN AVG BEGIN HOUR,Ozone 8-hour 2015,Parts per million,047,UV Absorption,2023-04-10,20,83.33,0.074393,0.090968,1,100,2023-04-10 08:00:00
AQS,06-037-0002,06,037,0002,CALIFORNIA,LOS ANGELES,Los Angeles-Long Beach-Anaheim,34.066700,-118.226800,WGS84,44201,OZONE,1,8-HR RUN AVG BEGIN HOUR,Ozone 8-hour 2015,Parts per million,047,UV Absorption,2023-04-13,23,95.83,0.051077,0.060799,17,79,2023-04-13 08:00:00
AQS,06-037-0002,06,037,0002,CALIFORNIA,LOS ANGELES,Los Angeles-Long Beach-Anaheim,34.066700,-118.226800,WGS84,44201,OZONE,1,8-HR RUN AVG BEGIN HOUR,Ozone 8-hour 2015,Parts per million,047,UV Absorption,2023-04-16,24,100.0,0.055925,0.060491,18,68,2023-04-16 08:00:00
AQS,06-037-0002,06,037,0002,CALIFORNIA,LOS ANGELES,Los Angeles-Long Beach-Anaheim,34.066700,-118.226800,WGS84,44201,OZONE,1,8-HR RUN AVG BEGIN HOUR,Ozone 8-hour 2015,Parts per million,047,UV Absorption,2023-04-19,20,83.33,0.070645,0.074649,21,82,2023-04-19 08:00:00
AQS,06-037-0002,06,037,0002,CALIFORNIA,LOS ANGELES,Los Angeles-Long Beach-Anaheim,34.066700,-118.226800,WGS84,44201,OZONE,1,8-HR RUN AVG BEGIN HOUR,Ozone 8-hour 2015,Parts per million,047,UV Absorption,2023-04-22,20,83.33,0.0727,0.078811,23,81,2023-04-22 08:00:00
AQS,06-037-0002,06,037,0002,CALIFORNIA,LOS ANGELES,Los Angeles-Long Beach-Anaheim,34.066700,-118.226800,WGS84,44201,OZONE,1,8-HR RUN AVG BEGIN HOUR,Ozone 8-hour 2015,Parts per million,047,UV Absorption,2023-04-25,20,83.33,0.06849,0.088601,3,74,2023-04-25 08:00:00
AQS,06-037-0002,06,037,0002,CALIFORNIA,LOS ANGELES,Los Angeles-Long Beach-Anaheim,34.066700,-118.226800,WGS84,44201,OZONE,1,8-HR RUN AVG BEGIN HOUR,Ozone 8-hour 2015,Parts per million,047,UV Absorption,2023-04-28,22,91.67,0.074417,0.084359,4,98,2023-04-28 08:00:00
AQS,06-037-0002,06,037,0002,CALIFORNIA,LOS ANGELES,Los Angeles-Long Beach-Anaheim,34.066700,-118.226800,WGS84,44201,OZONE,1,8-HR RUN AVG BEGIN HOUR,Ozone 8-hour 2015,Parts per million,047,UV Absorption,2023-05-01,23,95.83,0.078679,0.091012,15,69,2023-05-01 08:00:00
AQS,06-037-0002,06,037,0002,CALIFORNIA,LOS ANGELES,Los Angeles-Long Beach-Anaheim,34.066700,-118.226800,WGS84,44201,OZONE,1,8-HR RUN AVG BEGIN HOUR,Ozone 8-hour 2015,Parts per million,047,UV Absorption,2023-05-04,23,95.83,0.070541,0.080533,18,72,2023-05-04 08:00:00
AQS,06-037-0002,06,037,0002,CALIFORNIA,LOS ANGELES,Los Angeles-Long Beach-Anaheim,34.066700,-118.226800,WGS84,44201,OZONE,1,8-HR RUN AVG BEGIN HOUR,Ozone 8-hour 2015,Parts per million,047,UV Absorption,2023-05-07,24,100.0,0.075804,0.081099,9,80,2023-05-07 08:00:00
AQS,06-037-0002,06,037,0002,CALIFORNIA,LOS ANGELES,Los Angeles-Long Beach-Anaheim,34.066700,-118.226800,WGS84,44201,OZONE,1,8-HR RUN AVG BEGIN HOUR,Ozone 8-hour 2015,Parts per million,047,UV Absorption,2023-05-10,23,95.83,0.08306,0.093464,12,84,2023-05-10 08:00:00
AQS,06-037-0002,06,037,0002,CALIFORNIA,LOS ANGELES,Los Angeles-Long Beach-Anaheim,34.066700,-118.226800,WGS84,44201,OZONE,1,8-HR RUN AVG BEGIN HOUR,Ozone 8-hour 2015,Parts per million,047,UV Absorption,2023-05-13,23,95.83,0.063353,0.070067,0,54,2023-05-13 08:00:00
AQS,06-037-0002,06,037,0002,CALIFORNIA,LOS ANGELES,Los Angeles-Long Beach-Anaheim,34.066700,-118.226800,WGS84,44201,OZONE,1,8-HR RUN AVG BEGIN HOUR,Ozone 8-hour 2015,Parts per million,047,UV Absorption,2023-05-16,24,100.0,0.068759,0.079092,10,63,2023-05-16 08:00:00
AQS,06-037-0002,06,037,0002,CALIFORNIA,LOS ANGELES,Los Angeles-Long Beach-Anaheim,34.066700,-118.226800,WGS84,44201,OZONE,1,8-HR RUN AVG BEGIN HOUR,Ozone 8-hour 2015,Parts per million,047,UV Absorption,2023-05-19,24,100.0,0.064705,0.077341,12,92,2023-05-19 08:00:00
AQS,06-037-0002,06,037,0002,CALIFORNIA,LOS ANGELES,Los Angeles-Long Beach-Anaheim,34.066700,-118.226800,WGS84,44201,OZONE,1,8-HR RUN AVG BEGIN HOUR,Ozone 8-hour 2015,Parts per million,047,UV Absorption,2023-05-22,23,95.83,0.063835,0.069779,23,71,2023-05-22 08:00:00
AQS,06-037-0002,06,037,0002,CALIFORNIA,LOS ANGELES,Los Angeles-Long Beach-Anaheim,34.066700,-118.226800,WGS84,44201,OZONE,1,8-HR RUN AVG BEGIN HOUR,Ozone 8-hour 2015,Parts per million,047,UV Absorption,2023-05-25,20,83.33,0.058041,0.07036,6,48,2023-05-25 08:00:00
AQS,06-037-0002,06,037,0002,CALIFORNIA,LOS ANGELES,Los Angeles-Long Beach-Anaheim,34.066700,-118.226800,WGS84,44201,OZONE,1,8-HR RUN AVG BEGIN HOUR,Ozone 8-hour 2015,Parts per million,047,UV Absorption,2023-05-28,24,100.0,0.075801,0.083108,16,65,2023-05-28 08:00:00
AQS,06-037-0002,06,037,0002,CALIFORNIA,LOS ANGELES,Los Angeles-Long Beach-Anaheim,34.066700,-118.226800,WGS84,44201,OZONE,1,8-HR RUN AVG BEGIN HOUR,Ozone 8-hour 2015,Parts per million,047,UV Absorption,2023-05-31,23,95.83,0.067296,0.073047,3,70,2023-05-31 08:00:00
AQS,06-037-0002,06,037,0002,CALIFORNIA,LOS ANGELES,Los Angeles-Long Beach-Anaheim,34.066700,-118.226800,WGS84,44201,OZONE,1,8-HR RUN AVG BEGIN HOUR,Ozone 8-hour 2015,Parts per million,047,UV Absorption,2023-06-03,23,95.83,0.067388,0.08021,9,93,2023-06-03 08:00:00
AQS,06-037-0002,06,037,0002,CALIFORNIA,LOS ANGELES,Los Angeles-Long Beach-Anaheim,34.066700,-118.226800,WGS84,44201,OZONE,1,8-HR RUN AVG BEGIN HOUR,Ozone 8-hour 2015,Parts per million,047,UV Absorption,2023-06-06,24,100.0,0.084356,0.090501,10,84,2023-06-06 08:00:00
AQS,06-037-0002,06,037,0002,CALIFORNIA,LOS ANGELES,Los Angeles-Long Beach-Anaheim,34.066700,-118.226800,WGS84,44201,OZONE,1,8-HR RUN AVG BEGIN HOUR,Ozone 8-hour 2015,Parts per million,047,UV Absorption,2023-06-09,21,87.5,0.082571,0.098083,14,72,2023-06-09 08:00:00
AQS,06-037-0002,06,037,0002,CALIFORNIA,LOS ANGELES,Los Angeles-Long Beach-Anaheim,34.066700,-118.226800,WGS84,44201,OZONE,1,8-HR RUN AVG BEGIN HOUR,Ozone 8-hour 2015,Parts per million,047,UV Absorption,2023-06-12,21,87.5,0.067489,0.073009,18,72,2023-06-12 08:00:00
AQS,06-037-0002,06,037,0002,CALIFORNIA,LOS ANGELES,Los Angeles-Long Beach-Anaheim,34.066700,-118.226800,WGS84,44201,OZONE,1,8-HR RUN AVG BEGIN HOUR,Ozone 8-hour 2015,Parts per million,047,UV Absorption,2023-06-15,24,100.0,0.072783,0.08504,11,70,2023-06-15 08:00:00
AQS,06-037-0002,06,037,0002,CALIFORNIA,LOS ANGELES,Los Angeles-Long Beach-Anaheim,34.066700,-118.226800,WGS84,44201,OZONE,1,8-HR RUN AVG BEGIN HOUR,Ozone 8-hour 2015,Parts per million,047,UV Absorption,2023-06-18,20,83.33,0.076596,0.09204,3,89,2023-06-18 08:00:00
AQS,06-037-0002,06,037,0002,CALIFORNIA,LOS ANGELES,Los Angeles-Long Beach-Anaheim,34.066700,-118.226800,WGS84,44201,OZONE,1,8-HR RUN AVG BEGIN HOUR,Ozone 8-hour 2015,Parts per million,047,UV Absorption,2023-06-21,24,100.0,0.093044,0.104085,1,103,2023-06-21 08:00:00
AQS,06-037-0002,06,037,0002,CALIFORNIA,LOS ANGELES,Los Angeles-Long Beach-Anaheim,34.066700,-118.226800,WGS84,44201,OZONE,1,8-HR RUN AVG BEGIN HOUR,Ozone 8-hour 2015,Parts per million,047,UV Absorption,2023-06-24,21,87.5,0.085945,0.10685,16,108,2023-06-24 08:00:00
AQS,06-037-0002,06,037,0002,CALIFORNIA,LOS ANGELES,Los Angeles-Long Beach-Anaheim,34.066700,-118.226800,WGS84,44201,OZONE,1,8-HR RUN AVG BEGIN HOUR,Ozone 8-hour 2015,Parts per million,047,UV Absorption,2023-06-27,21,87.5,0.073188,0.091379,18,69,2023-06-27 08:00:00
AQS,06-037-0002,06,037,0002,CALIFORNIA,LOS ANGELES,Los Angeles-Long Beach-Anaheim,34.066700,-118.226800,WGS84,44201,OZONE,1,8-HR RUN AVG BEGIN HOUR,Ozone 8-hour 2015,Parts per million,047,UV Absorption,2023-06-30,23,95.83,0.082732,0.107128,9,101,2023-06-30 08:00:00
AQS,06-037-0002,06,037,0002,CALIFORNIA,LOS ANGELES,Los Angeles-Long Beach-Anaheim,34.066700,-118.226800,WGS84,44201,OZONE,1,8-HR RUN AVG BEGIN HOUR,Ozone 8-hour 2015,Parts per million,047,UV Absorption,2023-07-03,21,87.5,0.073053,0.077969,13,88,2023-07-03 08:00:00
AQS,06-037-0002,06,037,0002,CALIFORNIA,LOS ANGELES,Los Angeles-Long Beach-Anaheim,34.066700,-118.226800,WGS84,44201,OZONE,1,8-HR RUN AVG BEGIN HOUR,Ozone 8-hour 2015,Parts per million,047,UV Absorption,2023-07-06,21,87.5,0.097858,0.119397,10,109,2023-07-06 08:00:00
AQS,06-037-0002,06,037,0002,CALIFORNIA,LOS ANGELES,Los Angeles-Long Beach-Anaheim,34.066700,-118.226800,WGS84,44201,OZONE,1,8-HR RUN AVG BEGIN HOUR,Ozone 8-hour 2015,Parts per million,047,UV Absorption,2023-07-09,24,100.0,0.092247,0.103786,21,111,2023-07-09 08:00:00
AQS,06-037-0002,06,037,0002,CALIFORNIA,LOS ANGELES,Los Angeles-Long Beach-Anaheim,34.066700,-118.226800,WGS84,44201,OZONE,1,8-HR RUN AVG BEGIN HOUR,Ozone 8-hour 2015,Parts per million,047,UV Absorption,2023-07-12,21,87.5,0.094223,0.099652,19,100,2023-07-12 08:00:00
AQS,06-037-0002,06,037,0002,CALIFORNIA,LOS ANGELES,Los Angeles-Long Beach-Anaheim,34.066700,-118.226800,WGS84,44201,OZONE,1,8-HR RUN AVG BEGIN HOUR,Ozone 8-hour 2015,Parts per million,047,UV Absorption,2023-07-15,20,83.33,0.071317,0.090731,16,78,2023-07-15 08:00:00
AQS,06-037-0002,06,037,0002,CALIFORNIA,LOS ANGELES,Los Angeles-Long Beach-Anaheim,34.066700,-118.226800,WGS84,44201,OZONE,1,8-HR RUN AVG BEGIN HOUR,Ozone 8-hour 2015,Parts per million,047,UV Absorption,2023-07-18,23,95.83,0.07754,0.087946,6,78,2023-07-18 08:00:00
AQS,06-037-0002,06,037,0002,CALIFORNIA,LOS ANGELES,Los Angeles-Long Beach-Anaheim,34.066700,-118.226800,WGS84,44201,OZONE,1,8-HR RUN AVG BEGIN HOUR,Ozone 8-hour 2015,Parts per million,047,UV Absorption,2023-07-21,20,83.33,0.090218,0.11523,11,87,2023-07-21 08:00:00
AQS,06-037-0002,06,037,0002,CALIFORNIA,LOS ANGELES,Los Angeles-Long Beach-Anaheim,34.066700,-118.226800,WGS84,44201,OZONE,1,8-HR RUN AVG BEGIN HOUR,Ozone 8-hour 2015,Parts per million,047,UV Absorption,2023-07-24,24,100.0,0.084969,0.090993,12,91,2023-07-24 08:00:00
AQS,06-037-0002,06,037,0002,CALIFORNIA,LOS ANGELES,Los Angeles-Long Beach-Anaheim,34.066700,-118.226800,WGS84,44201,OZONE,1,8-HR RUN AVG BEGIN HOUR,Ozone 8-hour 2015,Parts per million,047,UV Absorption,2023-07-27,23,95.83,0.070267,0.086046,5,88,2023-07-27 08:00:00
AQS,06-037-0002,06,037,0002,CALIFORNIA,LOS ANGELES,Los Angeles-Long Beach-Anaheim,34.066700,-118.226800,WGS84,44201,OZONE,1,8-HR RUN AVG BEGIN HOUR,Ozone 8-hour 2015,Parts per million,047,UV Absorption,2023-07-30,22,91.67,0.096574,0.108436,23,87,2023-07-30 08:00:00
AQS,06-037-0002,06,037,0002,CALIFORNIA,LOS ANGELES,Los Angeles-Long Beach-Anaheim,34.066700,-118.226800,WGS84,44201,OZONE,1,8-HR RUN AVG BEGIN HOUR,Ozone 8-hour 2015,Parts per million,047,UV Absorption,2023-08-02,20,83.33,0.092787,0.108067,17,111,2023-08-02 08:00:00
AQS,06-037-0002,06,037,0002,CALIFORNIA,LOS ANGELES,Los Angeles-Long Beach-Anaheim,34.066700,-118.226800,WGS84,44201,OZONE,1,8-HR RUN AVG BEGIN HOUR,Ozone 8-hour 2015,Parts per million,047,UV Absorption,2023-08-05,20,83.33,0.079956,0.103375,13,74,2023-08-05 08:00:00
AQS,06-037-0002,06,037,0002,CALIFORNIA,LOS ANGELES,Los Angeles-Long Beach-Anaheim,34.066700,-118.226800,WGS84,44201,OZONE,1,8-HR RUN AVG BEGIN HOUR,Ozone 8-hour 2015,Parts per million,047,UV Absorption,2023-08-08,21,87.5,0.079872,0.09605,3,91,2023-08-08 08:00:00
AQS,06-037-0002,06,037,0002,CALIFORNIA,LOS ANGELES,Los Angeles-Long Beach-Anaheim,34.066700,-118.226800,WGS84,44201,OZONE,1,8-HR RUN AVG BEGIN HOUR,Ozone 8-hour 2015,Parts per million,047,UV Absorption,2023-08-11,24,100.0,0.092114,0.112149,7,114,2023-08-11 08:00:00
AQS,06-037-0002,06,037,0002,CALIFORNIA,LOS ANGELES,Los Angeles-Long Beach-Anaheim,34.066700,-118.226800,WGS84,44201,OZONE,1,8-HR RUN AVG BEGIN HOUR,Ozone 8-hour 2015,Parts per million,047,UV Absorption,2023-08-14,20,83.33,0.07851,0.092376,14,83,2023-08-14 08:00:00
AQS,06-037-0002,06,037,0002,CALIFORNIA,LOS ANGELES,Los Angeles-Long Beach-Anaheim,34.066700,-118.226800,WGS84,44201,OZONE,1,8-HR RUN AVG BEGIN HOUR,Ozone 8-hour 2015,Parts per million,047,UV Absorption,2023-08-17,24,100.0,0.093962,0.103141,21,95,2023-08-17 08:00:00
AQS,06-037-0002,06,037,0002,CALIFORNIA,LOS ANGELES,Los Angeles-Long Beach-Anaheim,34.066700,-118.226800,WGS84,44201,OZONE,1,8-HR RUN AVG BEGIN HOUR,Ozone 8-hour 2015,Parts per million,047,UV Absorption,2023-08-20,24,100.0,0.08174,0.087586,10,89,2023-08-20 08:00:00
