trade_id,flow_type,partner_country_code,partner_country_name,partner_region,partner_income_group,hs_code,commodity_description,commodity_section,year,month,trade_value_usd,quantity,quantity_unit,district_code,district_name,transport_method,customs_value_usd,duty_collected_usd,shipping_weight_kg,load_time
TRD-000001,EXPORT,GBR,United Kingdom,Europe & Central Asia,High income,3004,Medicaments,VI,2020,1,11311853.59,284387.7298,KG,01,"New York, NY",AIR,10929141.56,0,688975.0061,2020-01-28T00:00:00Z
TRD-000002,IMPORT,GBR,United Kingdom,Europe & Central Asia,High income,3004,Medicaments,VI,2020,1,15218828.58,317043.4264,KG,04,"Chicago, IL",TRUCK,13753904.54,515645.72,283088.2506,2020-01-28T00:00:00Z
TRD-000003,EXPORT,GBR,United Kingdom,Europe & Central Asia,High income,8703,Motor cars,XVII,2020,1,8036515.61,255555.9322,KG,01,"New York, NY",TRUCK,7986998.51,0,108163.007,2020-01-28T00:00:00Z
TRD-000004,IMPORT,GBR,United Kingdom,Europe & Central Asia,High income,8703,Motor cars,XVII,2020,1,31303316.74,484786.7832,KG,01,"New York, NY",TRUCK,28419712.39,1494047.74,916931.0156,2020-01-28T00:00:00Z
TRD-000005,EXPORT,GBR,United Kingdom,Europe & Central Asia,High income,8471,Automatic data processing machines,XVI,2020,1,9510798.94,129247.5996,KG,18,"Los Angeles, CA",VESSEL,8146158.34,0,960591.2925,2020-01-28T00:00:00Z
TRD-000006,IMPORT,GBR,United Kingdom,Europe & Central Asia,High income,8471,Automatic data processing machines,XVI,2020,1,34025070.09,354959.8917,KG,13,"Houston-Galveston, TX",TRUCK,33159889.23,2145478.71,590178.6253,2020-01-28T00:00:00Z
TRD-000007,EXPORT,BRA,Brazil,Latin America & Caribbean,Upper middle income,8703,Motor cars,XVII,2020,1,22833067.79,397050.4288,KG,13,"Houston-Galveston, TX",VESSEL,20360142.28,0,9785.2621,2020-01-28T00:00:00Z
TRD-000008,IMPORT,BRA,Brazil,Latin America & Caribbean,Upper middle income,8703,Motor cars,XVII,2020,1,44169295.25,290061.0418,KG,13,"Houston-Galveston, TX",TRUCK,41277167.12,1786785.59,361262.6249,2020-01-28T00:00:00Z
TRD-000009,EXPORT,BRA,Brazil,Latin America & Caribbean,Upper middle income,2709,Crude petroleum,V,2020,1,5705801.42,111975.1435,KG,01,"New York, NY",RAIL,5501003.67,0,676029.1518,2020-01-28T00:00:00Z
TRD-000010,IMPORT,BRA,Brazil,Latin America & Caribbean,Upper middle income,2709,Crude petroleum,V,2020,1,23749871.5,71426.9527,KG,01,"New York, NY",TRUCK,23468607.23,149767.19,74896.5122,2020-01-28T00:00:00Z
TRD-000011,EXPORT,BRA,Brazil,Latin America & Caribbean,Upper middle income,3004,Medicaments,VI,2020,1,21818960.56,89280.1153,KG,18,"Los Angeles, CA",VESSEL,19460463.63,0,960950.4332,2020-01-28T00:00:00Z
TRD-000012,IMPORT,BRA,Brazil,Latin America & Caribbean,Upper middle income,3004,Medicaments,VI,2020,1,13201952.69,32531.6713,KG,13,"Houston-Galveston, TX",RAIL,11351199.3,648397.63,401461.3014,2020-01-28T00:00:00Z
TRD-000013,EXPORT,CAN,Canada,North America,High income,8542,Electronic integrated circuits,XVI,2020,1,3731385.93,126148.5336,KG,18,"Los Angeles, CA",AIR,3213297.98,0,441904.4948,2020-01-28T00:00:00Z
TRD-000014,IMPORT,CAN,Canada,North America,High income,8542,Electronic integrated circuits,XVI,2020,1,32584754.04,455990.343,KG,01,"New York, NY",TRUCK,32107190.7,2511292.6,278955.3809,2020-01-28T00:00:00Z
TRD-000015,EXPORT,CAN,Canada,North America,High income,7108,Gold,XIV,2020,1,26717352.78,412730.4686,KG,18,"Los Angeles, CA",VESSEL,25520449.55,0,560276.3266,2020-01-28T00:00:00Z
TRD-000016,IMPORT,CAN,Canada,North America,High income,7108,Gold,XIV,2020,1,3743205.02,135933.8329,KG,04,"Chicago, IL",AIR,3737129.02,169428.86,132117.0405,2020-01-28T00:00:00Z
TRD-000017,EXPORT,CAN,Canada,North America,High income,3004,Medicaments,VI,2020,1,46282360.15,182945.1683,KG,01,"New York, NY",TRUCK,46055135.79,0,913377.9519,2020-01-28T00:00:00Z
TRD-000018,IMPORT,CAN,Canada,North America,High income,3004,Medicaments,VI,2020,1,7359253.41,2494.2646,KG,04,"Chicago, IL",RAIL,6677152.07,708427.58,742539.1264,2020-01-28T00:00:00Z
TRD-000019,EXPORT,IND,India,South Asia,Lower middle income,7108,Gold,XIV,2020,1,7902856.52,73881.6238,KG,01,"New York, NY",TRUCK,7086377.31,0,535923.1974,2020-01-28T00:00:00Z
TRD-000020,IMPORT,IND,India,South Asia,Lower middle income,7108,Gold,XIV,2020,1,10672275.29,64765.853,KG,18,"Los Angeles, CA",VESSEL,9195038.06,101402.03,533781.2049,2020-01-28T00:00:00Z
TRD-000021,EXPORT,IND,India,South Asia,Lower middle income,2709,Crude petroleum,V,2020,1,2652715.46,440505.6761,KG,04,"Chicago, IL",AIR,2366589.24,0,812722.6896,2020-01-28T00:00:00Z
TRD-000022,IMPORT,IND,India,South Asia,Lower middle income,2709,Crude petroleum,V,2020,1,8168179.03,309635.7541,KG,01,"New York, NY",TRUCK,7606903.28,765430.47,977861.6136,2020-01-28T00:00:00Z
TRD-000023,EXPORT,IND,India,South Asia,Lower middle income,9401,Seats,XX,2020,1,31106878.73,144428.8806,KG,01,"New York, NY",AIR,26987482.57,0,16592.9236,2020-01-28T00:00:00Z
TRD-000024,IMPORT,IND,India,South Asia,Lower middle income,9401,Seats,XX,2020,1,3855983.33,281239.8004,KG,18,"Los Angeles, CA",RAIL,3681307.58,105281.27,378166.7666,2020-01-28T00:00:00Z
TRD-000025,EXPORT,JPN,Japan,East Asia & Pacific,High income,8517,Telephone sets,XVI,2020,1,13805421.64,74604.1132,KG,13,"Houston-Galveston, TX",RAIL,13325641.85,0,163799.0715,2020-01-28T00:00:00Z
TRD-000026,IMPORT,JPN,Japan,East Asia & Pacific,High income,8517,Telephone sets,XVI,2020,1,47397000.69,240140.8183,KG,13,"Houston-Galveston, TX",RAIL,46783053.2,2310871.11,283257.9806,2020-01-28T00:00:00Z
TRD-000027,EXPORT,JPN,Japan,East Asia & Pacific,High income,2709,Crude petroleum,V,2020,1,14916701.68,288900.9805,KG,04,"Chicago, IL",RAIL,14903969.03,0,480764.5246,2020-01-28T00:00:00Z
TRD-000028,IMPORT,JPN,Japan,East Asia & Pacific,High income,2709,Crude petroleum,V,2020,1,5698903.33,345141.9168,KG,18,"Los Angeles, CA",TRUCK,5559418.9,273736.74,641649.1667,2020-01-28T00:00:00Z
TRD-000029,EXPORT,JPN,Japan,East Asia & Pacific,High income,8542,Electronic integrated circuits,XVI,2020,1,8790370.54,20799.6904,KG,18,"Los Angeles, CA",RAIL,8037989.21,0,33486.0466,2020-01-28T00:00:00Z
TRD-000030,IMPORT,JPN,Japan,East Asia & Pacific,High income,8542,Electronic integrated circuits,XVI,2020,1,13722143.73,471522.7592,KG,04,"Chicago, IL",VESSEL,11673179.06,1101217.13,302067.2346,2020-01-28T00:00:00Z
TRD-000031,EXPORT,MEX,Mexico,Latin America & Caribbean,Upper middle income,8517,Telephone sets,XVI,2020,2,47367787.33,286457.4394,KG,01,"New York, NY",TRUCK,41457083.09,0,222830.1602,2020-02-28T00:00:00Z
TRD-000032,IMPORT,MEX,Mexico,Latin America & Caribbean,Upper middle income,8517,Telephone sets,XVI,2020,2,28290484.47,417149.881,KG,01,"New York, NY",TRUCK,24764183.02,2256304.93,477514.2075,2020-02-28T00:00:00Z
TRD-000033,EXPORT,MEX,Mexico,Latin America & Caribbean,Upper middle income,3004,Medicaments,VI,2020,2,47185909.38,36596.3618,KG,04,"Chicago, IL",VESSEL,41255467.47,0,259369.0442,2020-02-28T00:00:00Z
TRD-000034,IMPORT,MEX,Mexico,Latin America & Caribbean,Upper middle income,3004,Medicaments,VI,2020,2,44518557.0,265451.8401,KG,13,"Houston-Galveston, TX",VESSEL,44270085.7,233814.18,18895.6729,2020-02-28T00:00:00Z
TRD-000035,EXPORT,MEX,Mexico,Latin America & Caribbean,Upper middle income,9401,Seats,XX,2020,2,38416821.9,278952.4835,KG,04,"Chicago, IL",VESSEL,38094204.55,0,332238.2763,2020-02-28T00:00:00Z
TRD-000036,IMPORT,MEX,Mexico,Latin America & Caribbean,Upper middle income,9401,Seats,XX,2020,2,11523731.32,441870.3435,KG,04,"Chicago, IL",VESSEL,9872037.14,450283.82,828336.4597,2020-02-28T00:00:00Z
TRD-000037,EXPORT,JPN,Japan,East Asia & Pacific,High income,2709,Crude petroleum,V,2020,2,38824653.86,315535.4744,KG,04,"Chicago, IL",VESSEL,35265013.55,0,927037.7509,2020-02-28T00:00:00Z
TRD-000038,IMPORT,JPN,Japan,East Asia & Pacific,High income,2709,Crude petroleum,V,2020,2,29579417.55,336485.3575,KG,18,"Los Angeles, CA",VESSEL,27506925.02,333291.34,525345.1932,2020-02-28T00:00:00Z
TRD-000039,EXPORT,JPN,Japan,East Asia & Pacific,High income,8471,Automatic data processing machines,XVI,2020,2,45943520.53,103947.2121,KG,13,"Houston-Galveston, TX",TRUCK,40976244.01,0,806966.1079,2020-02-28T00:00:00Z
TRD-000040,IMPORT,JPN,Japan,East Asia & Pacific,High income,8471,Automatic data processing machines,XVI,2020,2,46452142.72,171858.0149,KG,04,"Chicago, IL",VESSEL,41797913.04,1958393.37,700695.9371,2020-02-28T00:00:00Z
TRD-000041,EXPORT,JPN,Japan,East Asia & Pacific,High income,8542,Electronic integrated circuits,XVI,2020,2,22497302.03,68620.3583,KG,04,"Chicago, IL",AIR,19786500.28,0,758166.6324,2020-02-28T00:00:00Z
TRD-000042,IMPORT,JPN,Japan,East Asia & Pacific,High income,8542,Electronic integrated circuits,XVI,2020,2,16021861.78,167677.7691,KG,13,"Houston-Galveston, TX",VESSEL,14557456.93,750357.95,553779.9734,2020-02-28T00:00:00Z
TRD-000043,EXPORT,KOR,South Korea,East Asia & Pacific,High income,8542,Electronic integrated circuits,XVI,2020,2,8041797.82,21111.1336,KG,04,"Chicago, IL",VESSEL,7996544.87,0,306804.3447,2020-02-28T00:00:00Z
TRD-000044,IMPORT,KOR,South Korea,East Asia & Pacific,High income,8542,Electronic integrated circuits,XVI,2020,2,36618574.6,144258.2984,KG,18,"Los Angeles, CA",RAIL,31193522.81,303382.25,188018.582,2020-02-28T00:00:00Z
TRD-000045,EXPORT,KOR,South Korea,East Asia & Pacific,High income,7108,Gold,XIV,2020,2,15534872.3,264040.1925,KG,18,"Los Angeles, CA",TRUCK,13571813.31,0,8034.0805,2020-02-28T00:00:00Z
TRD-000046,IMPORT,KOR,South Korea,East Asia & Pacific,High income,7108,Gold,XIV,2020,2,26881454.72,207122.3739,KG,04,"Chicago, IL",AIR,25292196.18,627235.36,533363.9231,2020-02-28T00:00:00Z
TRD-000047,EXPORT,KOR,South Korea,East Asia & Pacific,High income,8703,Motor cars,XVII,2020,2,10185237.5,491310.509,KG,13,"Houston-Galveston, TX",TRUCK,8877752.66,0,908764.9743,2020-02-28T00:00:00Z
TRD-000048,IMPORT,KOR,South Korea,East Asia & Pacific,High income,8703,Motor cars,XVII,2020,2,15133894.14,461713.9464,KG,04,"Chicago, IL",TRUCK,14043549.19,563672.33,78452.2142,2020-02-28T00:00:00Z
TRD-000049,EXPORT,IND,India,South Asia,Lower middle income,8471,Automatic data processing machines,XVI,2020,2,49354933.21,274519.284,KG,01,"New York, NY",RAIL,46027239.02,0,991052.8389,2020-02-28T00:00:00Z
TRD-000050,IMPORT,IND,India,South Asia,Lower middle income,8471,Automatic data processing machines,XVI,2020,2,44740405.21,249507.1339,KG,18,"Los Angeles, CA",VESSEL,44040150.27,1158362.22,730004.488,2020-02-28T00:00:00Z
TRD-000051,EXPORT,IND,India,South Asia,Lower middle income,9401,Seats,XX,2020,2,46119152.5,17333.4589,KG,13,"Houston-Galveston, TX",VESSEL,39201609.87,0,390502.2897,2020-02-28T00:00:00Z
TRD-000052,IMPORT,IND,India,South Asia,Lower middle income,9401,Seats,XX,2020,2,32100359.07,129077.8619,KG,18,"Los Angeles, CA",VESSEL,30383807.89,1476821.88,988055.7226,2020-02-28T00:00:00Z
TRD-000053,EXPORT,IND,India,South Asia,Lower middle income,7108,Gold,XIV,2020,2,47590694.57,153818.556,KG,01,"New York, NY",AIR,42957163.9,0,858330.8118,2020-02-28T00:00:00Z
TRD-000054,IMPORT,IND,India,South Asia,Lower middle income,7108,Gold,XIV,2020,2,14312592.78,263247.8631,KG,13,"Houston-Galveston, TX",VESSEL,13046286.66,1079655.16,116181.1405,2020-02-28T00:00:00Z
TRD-000055,EXPORT,GBR,United Kingdom,Europe & Central Asia,High income,7108,Gold,XIV,2020,2,38765608.36,340243.473,KG,18,"Los Angeles, CA",TRUCK,37054456.9,0,369749.7988,2020-02-28T00:00:00Z
TRD-000056,IMPORT,GBR,United Kingdom,Europe & Central Asia,High income,7108,Gold,XIV,2020,2,41662098.93,10415.4005,KG,13,"Houston-Galveston, TX",RAIL,37248786.79,1622903.3,577001.9882,2020-02-28T00:00:00Z
TRD-000057,EXPORT,GBR,United Kingdom,Europe & Central Asia,High income,3004,Medicaments,VI,2020,2,12000441.93,429698.3312,KG,13,"Houston-Galveston, TX",VESSEL,11443491.1,0,960084.1737,2020-02-28T00:00:00Z
TRD-000058,IMPORT,GBR,United Kingdom,Europe & Central Asia,High income,3004,Medicaments,VI,2020,2,5064197.65,438342.5292,KG,18,"Los Angeles, CA",RAIL,4809240.23,340809.35,930377.0957,2020-02-28T00:00:00Z
TRD-000059,EXPORT,GBR,United Kingdom,Europe & Central Asia,High income,9401,Seats,XX,2020,2,6139605.9,459284.5339,KG,01,"New York, NY",AIR,5781124.29,0,48327.4557,2020-02-28T00:00:00Z
TRD-000060,IMPORT,GBR,United Kingdom,Europe & Central Asia,High income,9401,Seats,XX,2020,2,4636752.67,90919.4643,KG,18,"Los Angeles, CA",TRUCK,4379189.6,175247.6,914259.7904,2020-02-28T00:00:00Z
TRD-000061,EXPORT,JPN,Japan,East Asia & Pacific,High income,3004,Medicaments,VI,2020,3,1877386.58,60810.0593,KG,13,"Houston-Galveston, TX",RAIL,1827820.25,0,932928.451,2020-03-28T00:00:00Z
TRD-000062,IMPORT,JPN,Japan,East Asia & Pacific,High income,3004,Medicaments,VI,2020,3,48248266.48,103219.6716,KG,13,"Houston-Galveston, TX",AIR,47186545.87,3918892.27,940304.4414,2020-03-28T00:00:00Z
TRD-000063,EXPORT,JPN,Japan,East Asia & Pacific,High income,7108,Gold,XIV,2020,3,4156491.23,19158.9526,KG,04,"Chicago, IL",AIR,4058795.26,0,688490.4271,2020-03-28T00:00:00Z
TRD-000064,IMPORT,JPN,Japan,East Asia & Pacific,High income,7108,Gold,XIV,2020,3,20822072.06,341314.5983,KG,04,"Chicago, IL",TRUCK,17777451.14,968304.92,365820.2139,2020-03-28T00:00:00Z
TRD-000065,EXPORT,JPN,Japan,East Asia & Pacific,High income,8471,Automatic data processing machines,XVI,2020,3,8540413.84,72240.1072,KG,13,"Houston-Galveston, TX",VESSEL,7527925.37,0,555931.9741,2020-03-28T00:00:00Z
TRD-000066,IMPORT,JPN,Japan,East Asia & Pacific,High income,8471,Automatic data processing machines,XVI,2020,3,35507306.33,13173.3201,KG,04,"Chicago, IL",TRUCK,33321628.81,2820821.85,984678.7732,2020-03-28T00:00:00Z
TRD-000067,EXPORT,BRA,Brazil,Latin America & Caribbean,Upper middle income,9401,Seats,XX,2020,3,4740912.33,221851.5717,KG,18,"Los Angeles, CA",VESSEL,4428259.7,0,741430.179,2020-03-28T00:00:00Z
TRD-000068,IMPORT,BRA,Brazil,Latin America & Caribbean,Upper middle income,9401,Seats,XX,2020,3,37274518.04,103712.0416,KG,01,"New York, NY",VESSEL,33161055.17,2430006.41,968683.6698,2020-03-28T00:00:00Z
TRD-000069,EXPORT,BRA,Brazil,Latin America & Caribbean,Upper middle income,2709,Crude petroleum,V,2020,3,43266654.37,301665.5327,KG,13,"Houston-Galveston, TX",TRUCK,43170781.0,0,144237.6012,2020-03-28T00:00:00Z
TRD-000070,IMPORT,BRA,Brazil,Latin America & Caribbean,Upper middle income,2709,Crude petroleum,V,2020,3,14472704.25,207655.6641,KG,01,"New York, NY",AIR,12548273.29,1209861.57,261026.2841,2020-03-28T00:00:00Z
TRD-000071,EXPORT,BRA,Brazil,Latin America & Caribbean,Upper middle income,8517,Telephone sets,XVI,2020,3,46425766.57,488438.0733,KG,18,"Los Angeles, CA",AIR,46053574.17,0,524414.6644,2020-03-28T00:00:00Z
TRD-000072,IMPORT,BRA,Brazil,Latin America & Caribbean,Upper middle income,8517,Telephone sets,XVI,2020,3,47424773.04,431353.0074,KG,04,"Chicago, IL",VESSEL,45447195.44,4040650.06,621034.7018,2020-03-28T00:00:00Z
TRD-000073,EXPORT,CHN,China,East Asia & Pacific,Upper middle income,3004,Medicaments,VI,2020,3,19978715.57,290763.3457,KG,13,"Houston-Galveston, TX",AIR,17691817.11,0,170517.7707,2020-03-28T00:00:00Z
TRD-000074,IMPORT,CHN,China,East Asia & Pacific,Upper middle income,3004,Medicaments,VI,2020,3,31051136.02,402820.935,KG,13,"Houston-Galveston, TX",AIR,28323732.48,2226690.28,908966.6847,2020-03-28T00:00:00Z
TRD-000075,EXPORT,CHN,China,East Asia & Pacific,Upper middle income,8471,Automatic data processing machines,XVI,2020,3,30839357.67,72670.8797,KG,18,"Los Angeles, CA",VESSEL,28547050.26,0,908143.0867,2020-03-28T00:00:00Z
TRD-000076,IMPORT,CHN,China,East Asia & Pacific,Upper middle income,8471,Automatic data processing machines,XVI,2020,3,29184263.93,1995.0783,KG,04,"Chicago, IL",RAIL,26671611.05,1262960.04,543314.7688,2020-03-28T00:00:00Z
TRD-000077,EXPORT,CHN,China,East Asia & Pacific,Upper middle income,8703,Motor cars,XVII,2020,3,30718455.12,194891.0358,KG,04,"Chicago, IL",VESSEL,30539950.73,0,57723.7797,2020-03-28T00:00:00Z
TRD-000078,IMPORT,CHN,China,East Asia & Pacific,Upper middle income,8703,Motor cars,XVII,2020,3,43800306.86,225884.7916,KG,04,"Chicago, IL",RAIL,39946736.32,1791126.04,725063.4625,2020-03-28T00:00:00Z
TRD-000079,EXPORT,KOR,South Korea,East Asia & Pacific,High income,9401,Seats,XX,2020,3,44305633.69,404020.1373,KG,04,"Chicago, IL",VESSEL,43155104.27,0,796746.7758,2020-03-28T00:00:00Z
TRD-000080,IMPORT,KOR,South Korea,East Asia & Pacific,High income,9401,Seats,XX,2020,3,8739410.77,263366.1413,KG,04,"Chicago, IL",VESSEL,8701289.57,863408.52,622838.1476,2020-03-28T00:00:00Z
TRD-000081,EXPORT,KOR,South Korea,East Asia & Pacific,High income,8517,Telephone sets,XVI,2020,3,42851663.05,456122.0784,KG,13,"Houston-Galveston, TX",RAIL,41281601.12,0,807016.815,2020-03-28T00:00:00Z
TRD-000082,IMPORT,KOR,South Korea,East Asia & Pacific,High income,8517,Telephone sets,XVI,2020,3,45380763.48,254143.3244,KG,01,"New York, NY",VESSEL,43411952.66,839591.76,369459.9333,2020-03-28T00:00:00Z
TRD-000083,EXPORT,KOR,South Korea,East Asia & Pacific,High income,7108,Gold,XIV,2020,3,19657225.59,419145.2136,KG,13,"Houston-Galveston, TX",AIR,18125416.82,0,91388.1022,2020-03-28T00:00:00Z
TRD-000084,IMPORT,KOR,South Korea,East Asia & Pacific,High income,7108,Gold,XIV,2020,3,34450427.21,39657.9599,KG,13,"Houston-Galveston, TX",RAIL,32483768.56,1884283.29,904149.4836,2020-03-28T00:00:00Z
TRD-000085,EXPORT,DEU,Germany,Europe & Central Asia,High income,8542,Electronic integrated circuits,XVI,2020,3,11437574.57,180628.0871,KG,04,"Chicago, IL",RAIL,11245958.77,0,825405.2587,2020-03-28T00:00:00Z
TRD-000086,IMPORT,DEU,Germany,Europe & Central Asia,High income,8542,Electronic integrated circuits,XVI,2020,3,5289132.72,230240.7621,KG,18,"Los Angeles, CA",RAIL,4897365.96,384531.36,674172.6922,2020-03-28T00:00:00Z
TRD-000087,EXPORT,DEU,Germany,Europe & Central Asia,High income,2709,Crude petroleum,V,2020,3,27707606.49,261100.3917,KG,01,"New York, NY",RAIL,23643971.51,0,414577.9756,2020-03-28T00:00:00Z
TRD-000088,IMPORT,DEU,Germany,Europe & Central Asia,High income,2709,Crude petroleum,V,2020,3,2412210.57,319125.0569,KG,18,"Los Angeles, CA",TRUCK,2219358.53,75657.21,938261.0841,2020-03-28T00:00:00Z
TRD-000089,EXPORT,DEU,Germany,Europe & Central Asia,High income,8517,Telephone sets,XVI,2020,3,10707245.44,204491.1665,KG,18,"Los Angeles, CA",AIR,9825388.16,0,382800.0677,2020-03-28T00:00:00Z
TRD-000090,IMPORT,DEU,Germany,Europe & Central Asia,High income,8517,Telephone sets,XVI,2020,3,14675994.82,79693.5519,KG,04,"Chicago, IL",VESSEL,12659463.95,942389.37,73926.1178,2020-03-28T00:00:00Z
TRD-000091,EXPORT,KOR,South Korea,East Asia & Pacific,High income,8542,Electronic integrated circuits,XVI,2020,4,3860341.23,310725.6773,KG,18,"Los Angeles, CA",RAIL,3786025.51,0,339455.9288,2020-04-28T00:00:00Z
TRD-000092,IMPORT,KOR,South Korea,East Asia & Pacific,High income,8542,Electronic integrated circuits,XVI,2020,4,206426.39,320620.0003,KG,01,"New York, NY",VESSEL,181735.17,11588.69,609001.9461,2020-04-28T00:00:00Z
TRD-000093,EXPORT,KOR,South Korea,East Asia & Pacific,High income,2709,Crude petroleum,V,2020,4,23716566.14,182150.2918,KG,18,"Los Angeles, CA",TRUCK,22317227.0,0,854893.9077,2020-04-28T00:00:00Z
TRD-000094,IMPORT,KOR,South Korea,East Asia & Pacific,High income,2709,Crude petroleum,V,2020,4,1433737.32,173422.5024,KG,13,"Houston-Galveston, TX",AIR,1412783.37,42601.98,719644.4834,2020-04-28T00:00:00Z
TRD-000095,EXPORT,KOR,South Korea,East Asia & Pacific,High income,9401,Seats,XX,2020,4,26788486.01,260520.1967,KG,01,"New York, NY",VESSEL,26710444.08,0,334746.3442,2020-04-28T00:00:00Z
TRD-000096,IMPORT,KOR,South Korea,East Asia & Pacific,High income,9401,Seats,XX,2020,4,26814281.23,70238.5941,KG,04,"Chicago, IL",VESSEL,24743200.7,1389101.86,366927.7529,2020-04-28T00:00:00Z
TRD-000097,EXPORT,VNM,Vietnam,East Asia & Pacific,Lower middle income,3004,Medicaments,VI,2020,4,28780888.48,411042.0269,KG,18,"Los Angeles, CA",TRUCK,28501724.83,0,301396.3658,2020-04-28T00:00:00Z
TRD-000098,IMPORT,VNM,Vietnam,East Asia & Pacific,Lower middle income,3004,Medicaments,VI,2020,4,8924711.53,197865.5657,KG,13,"Houston-Galveston, TX",AIR,7885785.42,699651.95,979849.9079,2020-04-28T00:00:00Z
TRD-000099,EXPORT,VNM,Vietnam,East Asia & Pacific,Lower middle income,9401,Seats,XX,2020,4,442123.96,284843.7385,KG,01,"New York, NY",TRUCK,397260.41,0,581337.565,2020-04-28T00:00:00Z
TRD-000100,IMPORT,VNM,Vietnam,East Asia & Pacific,Lower middle income,9401,Seats,XX,2020,4,30431847.61,251692.3211,KG,13,"Houston-Galveston, TX",AIR,29714249.38,1476301.66,101815.3179,2020-04-28T00:00:00Z
TRD-000101,EXPORT,VNM,Vietnam,East Asia & Pacific,Lower middle income,7108,Gold,XIV,2020,4,32484955.44,3730.514,KG,01,"New York, NY",AIR,30990797.54,0,186021.4537,2020-04-28T00:00:00Z
TRD-000102,IMPORT,VNM,Vietnam,East Asia & Pacific,Lower middle income,7108,Gold,XIV,2020,4,561431.39,287570.3294,KG,04,"Chicago, IL",AIR,478072.81,52515.43,437964.92,2020-04-28T00:00:00Z
TRD-000103,EXPORT,CHN,China,East Asia & Pacific,Upper middle income,2709,Crude petroleum,V,2020,4,23501678.99,322632.2544,KG,01,"New York, NY",AIR,22082293.32,0,585904.229,2020-04-28T00:00:00Z
TRD-000104,IMPORT,CHN,China,East Asia & Pacific,Upper middle income,2709,Crude petroleum,V,2020,4,27618105.82,390043.3274,KG,18,"Los Angeles, CA",RAIL,23819162.47,351135.8,240818.6889,2020-04-28T00:00:00Z
TRD-000105,EXPORT,CHN,China,East Asia & Pacific,Upper middle income,8542,Electronic integrated circuits,XVI,2020,4,9019963.22,129797.8528,KG,04,"Chicago, IL",AIR,8431561.39,0,386851.2969,2020-04-28T00:00:00Z
TRD-000106,IMPORT,CHN,China,East Asia & Pacific,Upper middle income,8542,Electronic integrated circuits,XVI,2020,4,30365918.43,351797.1151,KG,13,"Houston-Galveston, TX",VESSEL,26299369.63,1861937.95,460844.8306,2020-04-28T00:00:00Z
TRD-000107,EXPORT,CHN,China,East Asia & Pacific,Upper middle income,9401,Seats,XX,2020,4,16247714.81,272794.9302,KG,13,"Houston-Galveston, TX",AIR,15699172.8,0,273313.013,2020-04-28T00:00:00Z
TRD-000108,IMPORT,CHN,China,East Asia & Pacific,Upper middle income,9401,Seats,XX,2020,4,39731446.28,48934.2081,KG,04,"Chicago, IL",RAIL,39069266.9,1650305.59,102216.3455,2020-04-28T00:00:00Z
TRD-000109,EXPORT,CAN,Canada,North America,High income,2709,Crude petroleum,V,2020,4,36190069.1,482901.9209,KG,04,"Chicago, IL",VESSEL,34455207.06,0,353977.5291,2020-04-28T00:00:00Z
TRD-000110,IMPORT,CAN,Canada,North America,High income,2709,Crude petroleum,V,2020,4,16433924.58,22682.1796,KG,04,"Chicago, IL",VESSEL,14044004.99,412073.72,999512.8801,2020-04-28T00:00:00Z
TRD-000111,EXPORT,CAN,Canada,North America,High income,8471,Automatic data processing machines,XVI,2020,4,30628553.45,158802.8835,KG,01,"New York, NY",TRUCK,26297567.24,0,251698.1892,2020-04-28T00:00:00Z
TRD-000112,IMPORT,CAN,Canada,North America,High income,8471,Automatic data processing machines,XVI,2020,4,16906817.43,86452.9014,KG,18,"Los Angeles, CA",VESSEL,16675909.21,185165.96,372953.5038,2020-04-28T00:00:00Z
TRD-000113,EXPORT,CAN,Canada,North America,High income,3004,Medicaments,VI,2020,4,36531064.21,416645.416,KG,04,"Chicago, IL",VESSEL,34754266.49,0,571358.8778,2020-04-28T00:00:00Z
TRD-000114,IMPORT,CAN,Canada,North America,High income,3004,Medicaments,VI,2020,4,42764783.29,83699.9688,KG,01,"New York, NY",TRUCK,37453506.5,1354578.54,732111.1451,2020-04-28T00:00:00Z
TRD-000115,EXPORT,GBR,United Kingdom,Europe & Central Asia,High income,7108,Gold,XIV,2020,4,2402375.44,199331.6117,KG,01,"New York, NY",VESSEL,2082133.43,0,412823.0653,2020-04-28T00:00:00Z
TRD-000116,IMPORT,GBR,United Kingdom,Europe & Central Asia,High income,7108,Gold,XIV,2020,4,27677880.13,100065.1605,KG,18,"Los Angeles, CA",VESSEL,26863318.76,1854489.36,504203.8608,2020-04-28T00:00:00Z
TRD-000117,EXPORT,GBR,United Kingdom,Europe & Central Asia,High income,8703,Motor cars,XVII,2020,4,29234889.93,117039.3359,KG,18,"Los Angeles, CA",VESSEL,28657630.87,0,865451.5848,2020-04-28T00:00:00Z
TRD-000118,IMPORT,GBR,United Kingdom,Europe & Central Asia,High income,8703,Motor cars,XVII,2020,4,9619128.75,326029.4081,KG,18,"Los Angeles, CA",RAIL,9330517.76,840697.11,537840.7045,2020-04-28T00:00:00Z
TRD-000119,EXPORT,GBR,United Kingdom,Europe & Central Asia,High income,3004,Medicaments,VI,2020,4,16233859.4,28461.3868,KG,01,"New York, NY",TRUCK,15978663.58,0,890440.5342,2020-04-28T00:00:00Z
TRD-000120,IMPORT,GBR,United Kingdom,Europe & Central Asia,High income,3004,Medicaments,VI,2020,4,48865788.93,459887.0968,KG,18,"Los Angeles, CA",VESSEL,41698744.77,3084972.72,472433.6817,2020-04-28T00:00:00Z
TRD-000121,EXPORT,KOR,South Korea,East Asia & Pacific,High income,8703,Motor cars,XVII,2020,5,30464168.83,56065.898,KG,01,"New York, NY",AIR,27740318.76,0,146507.4353,2020-05-28T00:00:00Z
TRD-000122,IMPORT,KOR,South Korea,East Asia & Pacific,High income,8703,Motor cars,XVII,2020,5,47097477.59,88077.0847,KG,18,"Los Angeles, CA",RAIL,43709854.67,3196863.34,354908.2678,2020-05-28T00:00:00Z
TRD-000123,EXPORT,KOR,South Korea,East Asia & Pacific,High income,8542,Electronic integrated circuits,XVI,2020,5,6013041.27,151014.6238,KG,13,"Houston-Galveston, TX",AIR,5161472.73,0,584801.0351,2020-05-28T00:00:00Z
TRD-000124,IMPORT,KOR,South Korea,East Asia & Pacific,High income,8542,Electronic integrated circuits,XVI,2020,5,15535118.64,61886.3879,KG,01,"New York, NY",VESSEL,13357414.0,294908.13,146632.2177,2020-05-28T00:00:00Z
TRD-000125,EXPORT,KOR,South Korea,East Asia & Pacific,High income,3004,Medicaments,VI,2020,5,47200664.95,83340.3474,KG,18,"Los Angeles, CA",TRUCK,41704337.21,0,272732.8771,2020-05-28T00:00:00Z
TRD-000126,IMPORT,KOR,South Korea,East Asia & Pacific,High income,3004,Medicaments,VI,2020,5,15118900.26,101537.6119,KG,01,"New York, NY",VESSEL,13890191.85,1283530.75,335944.8748,2020-05-28T00:00:00Z
TRD-000127,EXPORT,GBR,United Kingdom,Europe & Central Asia,High income,8517,Telephone sets,XVI,2020,5,47637527.93,63314.6031,KG,13,"Houston-Galveston, TX",TRUCK,47051534.75,0,864996.8056,2020-05-28T00:00:00Z
TRD-000128,IMPORT,GBR,United Kingdom,Europe & Central Asia,High income,8517,Telephone sets,XVI,2020,5,45335302.67,88697.8645,KG,18,"Los Angeles, CA",RAIL,40926227.87,1509382.12,596398.3545,2020-05-28T00:00:00Z
TRD-000129,EXPORT,GBR,United Kingdom,Europe & Central Asia,High income,8471,Automatic data processing machines,XVI,2020,5,2249530.28,289913.1689,KG,01,"New York, NY",RAIL,2020766.5,0,549972.8927,2020-05-28T00:00:00Z
TRD-000130,IMPORT,GBR,United Kingdom,Europe & Central Asia,High income,8471,Automatic data processing machines,XVI,2020,5,13184400.15,359262.2237,KG,04,"Chicago, IL",TRUCK,12020672.37,676208.47,836687.2282,2020-05-28T00:00:00Z
TRD-000131,EXPORT,GBR,United Kingdom,Europe & Central Asia,High income,8542,Electronic integrated circuits,XVI,2020,5,49998827.53,109123.1496,KG,01,"New York, NY",RAIL,46995021.45,0,487340.6825,2020-05-28T00:00:00Z
TRD-000132,IMPORT,GBR,United Kingdom,Europe & Central Asia,High income,8542,Electronic integrated circuits,XVI,2020,5,31918127.23,452629.0437,KG,18,"Los Angeles, CA",AIR,30972471.39,1473115.7,718045.9302,2020-05-28T00:00:00Z
TRD-000133,EXPORT,JPN,Japan,East Asia & Pacific,High income,9401,Seats,XX,2020,5,3195751.0,478723.3511,KG,01,"New York, NY",TRUCK,2750056.9,0,179002.1405,2020-05-28T00:00:00Z
TRD-000134,IMPORT,JPN,Japan,East Asia & Pacific,High income,9401,Seats,XX,2020,5,36427865.89,131162.9211,KG,13,"Houston-Galveston, TX",RAIL,33537216.72,3137480.43,102362.4222,2020-05-28T00:00:00Z
TRD-000135,EXPORT,JPN,Japan,East Asia & Pacific,High income,8517,Telephone sets,XVI,2020,5,39321394.58,405095.8769,KG,13,"Houston-Galveston, TX",TRUCK,34517972.92,0,73260.7455,2020-05-28T00:00:00Z
TRD-000136,IMPORT,JPN,Japan,East Asia & Pacific,High income,8517,Telephone sets,XVI,2020,5,21844423.74,64556.246,KG,18,"Los Angeles, CA",AIR,20354881.76,1647658.7,573123.7091,2020-05-28T00:00:00Z
TRD-000137,EXPORT,JPN,Japan,East Asia & Pacific,High income,8703,Motor cars,XVII,2020,5,49952246.27,374271.8636,KG,13,"Houston-Galveston, TX",TRUCK,43617690.34,0,385917.6902,2020-05-28T00:00:00Z
TRD-000138,IMPORT,JPN,Japan,East Asia & Pacific,High income,8703,Motor cars,XVII,2020,5,5222783.32,413984.4105,KG,01,"New York, NY",TRUCK,4442742.26,68299.0,278029.9916,2020-05-28T00:00:00Z
TRD-000139,EXPORT,BRA,Brazil,Latin America & Caribbean,Upper middle income,8517,Telephone sets,XVI,2020,5,25939892.97,3737.9398,KG,04,"Chicago, IL",TRUCK,25878460.72,0,227187.6291,2020-05-28T00:00:00Z
TRD-000140,IMPORT,BRA,Brazil,Latin America & Caribbean,Upper middle income,8517,Telephone sets,XVI,2020,5,19816297.04,210916.6235,KG,13,"Houston-Galveston, TX",VESSEL,17410179.59,1815895.42,329305.4771,2020-05-28T00:00:00Z
TRD-000141,EXPORT,BRA,Brazil,Latin America & Caribbean,Upper middle income,8703,Motor cars,XVII,2020,5,37089479.18,322461.1347,KG,01,"New York, NY",VESSEL,32990132.25,0,539688.1608,2020-05-28T00:00:00Z
TRD-000142,IMPORT,BRA,Brazil,Latin America & Caribbean,Upper middle income,8703,Motor cars,XVII,2020,5,37025659.45,487605.9147,KG,18,"Los Angeles, CA",VESSEL,31811973.34,3039808.16,913652.2813,2020-05-28T00:00:00Z
TRD-000143,EXPORT,BRA,Brazil,Latin America & Caribbean,Upper middle income,7108,Gold,XIV,2020,5,5109137.04,198956.4319,KG,18,"Los Angeles, CA",VESSEL,4561498.99,0,340360.0295,2020-05-28T00:00:00Z
TRD-000144,IMPORT,BRA,Brazil,Latin America & Caribbean,Upper middle income,7108,Gold,XIV,2020,5,21172239.38,208051.5651,KG,18,"Los Angeles, CA",TRUCK,20834611.42,1776343.97,693599.8272,2020-05-28T00:00:00Z
TRD-000145,EXPORT,MEX,Mexico,Latin America & Caribbean,Upper middle income,8703,Motor cars,XVII,2020,5,23922808.91,416606.9178,KG,18,"Los Angeles, CA",RAIL,20891356.66,0,433896.5947,2020-05-28T00:00:00Z
TRD-000146,IMPORT,MEX,Mexico,Latin America & Caribbean,Upper middle income,8703,Motor cars,XVII,2020,5,8605901.54,116384.8154,KG,13,"Houston-Galveston, TX",AIR,8539383.41,569362.65,433746.2682,2020-05-28T00:00:00Z
TRD-000147,EXPORT,MEX,Mexico,Latin America & Caribbean,Upper middle income,2709,Crude petroleum,V,2020,5,29670085.18,224073.1452,KG,01,"New York, NY",TRUCK,29466787.98,0,563269.1024,2020-05-28T00:00:00Z
TRD-000148,IMPORT,MEX,Mexico,Latin America & Caribbean,Upper middle income,2709,Crude petroleum,V,2020,5,19822454.05,118457.5056,KG,13,"Houston-Galveston, TX",VESSEL,17778630.14,367967.34,795686.3436,2020-05-28T00:00:00Z
TRD-000149,EXPORT,MEX,Mexico,Latin America & Caribbean,Upper middle income,9401,Seats,XX,2020,5,16098874.9,263074.1154,KG,13,"Houston-Galveston, TX",AIR,14977687.41,0,294748.3075,2020-05-28T00:00:00Z
TRD-000150,IMPORT,MEX,Mexico,Latin America & Caribbean,Upper middle income,9401,Seats,XX,2020,5,38221828.17,149344.1182,KG,01,"New York, NY",AIR,32875622.71,2006443.06,798893.2188,2020-05-28T00:00:00Z
TRD-000151,EXPORT,GBR,United Kingdom,Europe & Central Asia,High income,8542,Electronic integrated circuits,XVI,2020,6,27451558.42,149663.5531,KG,01,"New York, NY",TRUCK,26896793.4,0,4034.6788,2020-06-28T00:00:00Z
TRD-000152,IMPORT,GBR,United Kingdom,Europe & Central Asia,High income,8542,Electronic integrated circuits,XVI,2020,6,17869543.24,132752.8999,KG,13,"Houston-Galveston, TX",AIR,16694873.04,1409363.79,649037.1005,2020-06-28T00:00:00Z
TRD-000153,EXPORT,GBR,United Kingdom,Europe & Central Asia,High income,9401,Seats,XX,2020,6,32643462.55,43047.0255,KG,04,"Chicago, IL",AIR,29310697.22,0,314537.8246,2020-06-28T00:00:00Z
TRD-000154,IMPORT,GBR,United Kingdom,Europe & Central Asia,High income,9401,Seats,XX,2020,6,17882936.75,282568.169,KG,04,"Chicago, IL",VESSEL,16360346.05,735260.38,323930.5662,2020-06-28T00:00:00Z
TRD-000155,EXPORT,GBR,United Kingdom,Europe & Central Asia,High income,8703,Motor cars,XVII,2020,6,24255754.23,340987.0216,KG,18,"Los Angeles, CA",TRUCK,23659493.52,0,889317.9805,2020-06-28T00:00:00Z
TRD-000156,IMPORT,GBR,United Kingdom,Europe & Central Asia,High income,8703,Motor cars,XVII,2020,6,24711661.4,264780.7003,KG,13,"Houston-Galveston, TX",AIR,23785535.78,74346.36,707260.15,2020-06-28T00:00:00Z
TRD-000157,EXPORT,KOR,South Korea,East Asia & Pacific,High income,3004,Medicaments,VI,2020,6,46425508.35,197121.6032,KG,13,"Houston-Galveston, TX",AIR,42429359.04,0,351301.1295,2020-06-28T00:00:00Z
TRD-000158,IMPORT,KOR,South Korea,East Asia & Pacific,High income,3004,Medicaments,VI,2020,6,8683332.37,28719.2097,KG,04,"Chicago, IL",RAIL,8287639.5,367095.33,655096.8918,2020-06-28T00:00:00Z
TRD-000159,EXPORT,KOR,South Korea,East Asia & Pacific,High income,8703,Motor cars,XVII,2020,6,1913855.93,284558.1282,KG,18,"Los Angeles, CA",TRUCK,1846810.78,0,755501.226,2020-06-28T00:00:00Z
TRD-000160,IMPORT,KOR,South Korea,East Asia & Pacific,High income,8703,Motor cars,XVII,2020,6,32497145.71,23729.9286,KG,18,"Los Angeles, CA",VESSEL,31954653.05,372177.8,368685.1394,2020-06-28T00:00:00Z
TRD-000161,EXPORT,KOR,South Korea,East Asia & Pacific,High income,9401,Seats,XX,2020,6,7476993.71,247190.2811,KG,01,"New York, NY",TRUCK,7187778.22,0,529204.133,2020-06-28T00:00:00Z
TRD-000162,IMPORT,KOR,South Korea,East Asia & Pacific,High income,9401,Seats,XX,2020,6,9841031.58,10727.0931,KG,18,"Los Angeles, CA",VESSEL,8727482.26,298312.03,82750.2922,2020-06-28T00:00:00Z
TRD-000163,EXPORT,BRA,Brazil,Latin America & Caribbean,Upper middle income,9401,Seats,XX,2020,6,20957757.78,86236.2317,KG,18,"Los Angeles, CA",VESSEL,19333484.5,0,329899.2313,2020-06-28T00:00:00Z
TRD-000164,IMPORT,BRA,Brazil,Latin America & Caribbean,Upper middle income,9401,Seats,XX,2020,6,3804768.39,436106.3007,KG,04,"Chicago, IL",RAIL,3683713.82,225767.05,937149.6374,2020-06-28T00:00:00Z
TRD-000165,EXPORT,BRA,Brazil,Latin America & Caribbean,Upper middle income,8542,Electronic integrated circuits,XVI,2020,6,14177964.59,261983.1898,KG,04,"Chicago, IL",AIR,12395329.92,0,926448.1097,2020-06-28T00:00:00Z
TRD-000166,IMPORT,BRA,Brazil,Latin America & Caribbean,Upper middle income,8542,Electronic integrated circuits,XVI,2020,6,38619761.68,467649.9053,KG,04,"Chicago, IL",TRUCK,35246105.98,3657803.04,246025.7324,2020-06-28T00:00:00Z
TRD-000167,EXPORT,BRA,Brazil,Latin America & Caribbean,Upper middle income,8517,Telephone sets,XVI,2020,6,27441279.94,285823.834,KG,04,"Chicago, IL",AIR,24362900.95,0,477164.8593,2020-06-28T00:00:00Z
TRD-000168,IMPORT,BRA,Brazil,Latin America & Caribbean,Upper middle income,8517,Telephone sets,XVI,2020,6,37257826.87,404124.4981,KG,01,"New York, NY",TRUCK,34000970.95,3121344.19,822092.2881,2020-06-28T00:00:00Z
TRD-000169,EXPORT,DEU,Germany,Europe & Central Asia,High income,2709,Crude petroleum,V,2020,6,32736676.23,162728.4472,KG,04,"Chicago, IL",TRUCK,32634151.36,0,244142.0349,2020-06-28T00:00:00Z
TRD-000170,IMPORT,DEU,Germany,Europe & Central Asia,High income,2709,Crude petroleum,V,2020,6,2334680.59,144943.2019,KG,04,"Chicago, IL",RAIL,2083988.02,178808.07,833224.6967,2020-06-28T00:00:00Z
TRD-000171,EXPORT,DEU,Germany,Europe & Central Asia,High income,9401,Seats,XX,2020,6,46883663.08,478727.5766,KG,01,"New York, NY",RAIL,40250433.12,0,802416.2752,2020-06-28T00:00:00Z
TRD-000172,IMPORT,DEU,Germany,Europe & Central Asia,High income,9401,Seats,XX,2020,6,37681090.74,6591.817,KG,01,"New York, NY",AIR,35767882.32,2453544.67,177159.4856,2020-06-28T00:00:00Z
TRD-000173,EXPORT,DEU,Germany,Europe & Central Asia,High income,7108,Gold,XIV,2020,6,25126873.47,200072.2879,KG,04,"Chicago, IL",VESSEL,22427039.52,0,763045.1729,2020-06-28T00:00:00Z
TRD-000174,IMPORT,DEU,Germany,Europe & Central Asia,High income,7108,Gold,XIV,2020,6,35242858.86,302148.1281,KG,18,"Los Angeles, CA",AIR,31200732.28,2329443.48,935127.7014,2020-06-28T00:00:00Z
TRD-000175,EXPORT,JPN,Japan,East Asia & Pacific,High income,2709,Crude petroleum,V,2020,6,4309167.79,142097.3675,KG,04,"Chicago, IL",AIR,3792563.06,0,289499.4472,2020-06-28T00:00:00Z
TRD-000176,IMPORT,JPN,Japan,East Asia & Pacific,High income,2709,Crude petroleum,V,2020,6,14279605.91,224046.0617,KG,13,"Houston-Galveston, TX",TRUCK,13981483.24,996476.94,945082.6408,2020-06-28T00:00:00Z
TRD-000177,EXPORT,JPN,Japan,East Asia & Pacific,High income,8542,Electronic integrated circuits,XVI,2020,6,42793636.77,24035.1254,KG,13,"Houston-Galveston, TX",VESSEL,41815726.66,0,483715.2893,2020-06-28T00:00:00Z
TRD-000178,IMPORT,JPN,Japan,East Asia & Pacific,High income,8542,Electronic integrated circuits,XVI,2020,6,45919481.85,30178.6593,KG,13,"Houston-Galveston, TX",RAIL,43155905.86,2166142.18,72716.832,2020-06-28T00:00:00Z
TRD-000179,EXPORT,JPN,Japan,East Asia & Pacific,High income,3004,Medicaments,VI,2020,6,11586871.99,462012.3541,KG,01,"New York, NY",AIR,11341382.02,0,722423.8526,2020-06-28T00:00:00Z
TRD-000180,IMPORT,JPN,Japan,East Asia & Pacific,High income,3004,Medicaments,VI,2020,6,37059410.77,103152.1472,KG,01,"New York, NY",TRUCK,33861593.62,3047362.58,983326.7014,2020-06-28T00:00:00Z
TRD-000181,EXPORT,JPN,Japan,East Asia & Pacific,High income,7108,Gold,XIV,2020,7,14547676.99,69473.1449,KG,04,"Chicago, IL",AIR,12726478.39,0,897810.4664,2020-07-28T00:00:00Z
TRD-000182,IMPORT,JPN,Japan,East Asia & Pacific,High income,7108,Gold,XIV,2020,7,35963171.68,21891.1177,KG,01,"New York, NY",TRUCK,34820104.01,2569463.56,812162.2125,2020-07-28T00:00:00Z
TRD-000183,EXPORT,JPN,Japan,East Asia & Pacific,High income,9401,Seats,XX,2020,7,14198201.29,396591.046,KG,04,"Chicago, IL",AIR,12226167.72,0,766239.9983,2020-07-28T00:00:00Z
TRD-000184,IMPORT,JPN,Japan,East Asia & Pacific,High income,9401,Seats,XX,2020,7,35867314.22,349117.1231,KG,04,"Chicago, IL",VESSEL,34429765.77,2502536.88,774899.0886,2020-07-28T00:00:00Z
TRD-000185,EXPORT,JPN,Japan,East Asia & Pacific,High income,2709,Crude petroleum,V,2020,7,5486995.93,383773.7715,KG,18,"Los Angeles, CA",TRUCK,5064879.37,0,102890.0382,2020-07-28T00:00:00Z
TRD-000186,IMPORT,JPN,Japan,East Asia & Pacific,High income,2709,Crude petroleum,V,2020,7,45594515.14,415648.2347,KG,04,"Chicago, IL",RAIL,43285009.1,3857335.06,686521.841,2020-07-28T00:00:00Z
TRD-000187,EXPORT,IND,India,South Asia,Lower middle income,3004,Medicaments,VI,2020,7,36786787.67,121986.9953,KG,01,"New York, NY",AIR,34560534.87,0,184023.3418,2020-07-28T00:00:00Z
TRD-000188,IMPORT,IND,India,South Asia,Lower middle income,3004,Medicaments,VI,2020,7,23493492.91,56448.2399,KG,04,"Chicago, IL",RAIL,22850055.81,1675033.52,16424.4369,2020-07-28T00:00:00Z
TRD-000189,EXPORT,IND,India,South Asia,Lower middle income,9401,Seats,XX,2020,7,30728250.16,386188.3356,KG,01,"New York, NY",AIR,27019933.21,0,352687.6729,2020-07-28T00:00:00Z
TRD-000190,IMPORT,IND,India,South Asia,Lower middle income,9401,Seats,XX,2020,7,12018558.74,147872.0497,KG,01,"New York, NY",AIR,10346730.4,301862.36,809657.7002,2020-07-28T00:00:00Z
TRD-000191,EXPORT,IND,India,South Asia,Lower middle income,8542,Electronic integrated circuits,XVI,2020,7,36922276.44,457267.8893,KG,18,"Los Angeles, CA",VESSEL,36405598.1,0,461761.3689,2020-07-28T00:00:00Z
TRD-000192,IMPORT,IND,India,South Asia,Lower middle income,8542,Electronic integrated circuits,XVI,2020,7,9576961.17,219981.9485,KG,01,"New York, NY",VESSEL,9407761.34,596352.79,310199.8215,2020-07-28T00:00:00Z
TRD-000193,EXPORT,MEX,Mexico,Latin America & Caribbean,Upper middle income,3004,Medicaments,VI,2020,7,24086891.46,94602.3904,KG,18,"Los Angeles, CA",VESSEL,20500185.08,0,125956.0198,2020-07-28T00:00:00Z
TRD-000194,IMPORT,MEX,Mexico,Latin America & Caribbean,Upper middle income,3004,Medicaments,VI,2020,7,38541226.14,54930.0691,KG,13,"Houston-Galveston, TX",RAIL,37425524.41,2749296.04,970229.9357,2020-07-28T00:00:00Z
TRD-000195,EXPORT,MEX,Mexico,Latin America & Caribbean,Upper middle income,8542,Electronic integrated circuits,XVI,2020,7,17200191.04,438389.7552,KG,04,"Chicago, IL",TRUCK,16800663.96,0,278000.356,2020-07-28T00:00:00Z
TRD-000196,IMPORT,MEX,Mexico,Latin America & Caribbean,Upper middle income,8542,Electronic integrated circuits,XVI,2020,7,6497865.28,429236.7898,KG,13,"Houston-Galveston, TX",AIR,5625099.01,584061.43,564997.977,2020-07-28T00:00:00Z
TRD-000197,EXPORT,MEX,Mexico,Latin America & Caribbean,Upper middle income,9401,Seats,XX,2020,7,20949175.75,80791.8928,KG,01,"New York, NY",RAIL,19933812.45,0,19510.9486,2020-07-28T00:00:00Z
TRD-000198,IMPORT,MEX,Mexico,Latin America & Caribbean,Upper middle income,9401,Seats,XX,2020,7,16056013.3,96411.8964,KG,18,"Los Angeles, CA",VESSEL,13811162.6,1437419.41,514413.0915,2020-07-28T00:00:00Z
TRD-000199,EXPORT,GBR,United Kingdom,Europe & Central Asia,High income,8517,Telephone sets,XVI,2020,7,23743063.7,348264.2286,KG,18,"Los Angeles, CA",TRUCK,20918351.12,0,852938.9333,2020-07-28T00:00:00Z
TRD-000200,IMPORT,GBR,United Kingdom,Europe & Central Asia,High income,8517,Telephone sets,XVI,2020,7,27077771.38,208564.8007,KG,18,"Los Angeles, CA",RAIL,23164215.18,1217740.93,451921.8472,2020-07-28T00:00:00Z
